municipio_6,ano,populacao,nome_municipio,qtd_internacoes_uti,qtd_internacoes_icsap_uti,soma_val_tot,soma_dias_perm,qtd_estabelecimentos_media,qtd_leitos_existentes_media,qtd_leitos_sus_media,siops_dotacao_atualizada,siops_despesa_empenhada,siops_despesa_liquidada,siops_despesa_paga
350010,2022,34687,Adamantina - SP,357,81,2409622.85,4016,153.0,242.83333333333334,209.16666666666666,,,,
350020,2022,4351,Adolfo - SP,64,10,624747.47,675,6.0,,,,,,
350030,2022,32072,Aguaí - SP,177,30,1261673.41,2065,70.0,24.0,24.0,,,,
350040,2022,7369,Águas da Prata - SP,61,5,379554.96,719,6.0,,,,,,
350050,2022,17930,Águas de Lindóia - SP,79,8,612779.55,852,47.833333333333336,33.0,24.0,,,,
350055,2022,7177,Águas de Santa Bárbara - SP,32,2,289835.28,394,10.545454545454545,,,,,,
350060,2022,2780,Águas de São Pedro - SP,32,3,316060.69,326,6.222222222222222,,,,,,
350070,2022,37680,Agudos - SP,295,54,1913383.59,3595,34.833333333333336,54.083333333333336,38.083333333333336,,,,
350075,2022,6141,Alambari - SP,36,4,285892.25,611,9.818181818181818,,,,,,
350080,2022,4445,Alfredo Marcondes - SP,37,8,351501.57,551,2.0,,,,,,
350090,2022,3451,Altair - SP,27,7,214247.31,273,8.0,,,,,,
350100,2022,16818,Altinópolis - SP,132,17,1173762.97,1336,46.5,31.0,29.0,,,,
350110,2022,3841,Alto Alegre - SP,44,10,161092.75,248,8.0,22.0,19.0,,,,
350115,2022,17301,Alumínio - SP,70,11,555360.49,985,14.666666666666666,120.0,0.0,,,,
350120,2022,3915,Álvares Florence - SP,47,5,402496.26,529,5.5,,,,,,
350130,2022,27255,Álvares Machado - SP,117,23,1130530.6,1498,22.916666666666668,20.0,18.0,,,,
350140,2022,4808,Álvaro de Carvalho - SP,40,8,282341.04,392,3.75,,,,,,
350150,2022,2885,Alvinlândia - SP,16,4,199234.43,254,3.0,,,,,,
350160,2022,237240,Americana - SP,786,124,7207646.85,12163,1005.5,580.5833333333334,227.83333333333334,,,,
350170,2022,33019,Américo Brasiliense - SP,189,54,1176851.57,2082,33.5,227.33333333333334,225.66666666666666,,,,
350180,2022,5870,Américo de Campos - SP,40,6,428749.91,398,8.5,,,,,,
350190,2022,68008,Amparo - SP,433,87,3040642.98,4608,305.5,392.8333333333333,228.66666666666666,,,,
350200,2022,4589,Analândia - SP,24,1,104292.49,180,6.0,,,,,,
350210,2022,59783,Andradina - SP,436,128,2670479.48,4302,272.9166666666667,137.83333333333334,98.33333333333333,,,,
350220,2022,24022,Angatuba - SP,102,14,652924.78,1119,41.75,58.666666666666664,54.0,,,,
350230,2022,5674,Anhembi - SP,44,8,636553.31,552,8.916666666666666,,,,,,
350240,2022,4023,Anhumas - SP,24,4,183342.24,280,7.777777777777778,,,,,,
350250,2022,32569,Aparecida - SP,303,58,2266201.13,3759,44.25,105.5,78.0,,,,
350260,2022,4086,Aparecida d'Oeste - SP,44,3,374657.26,457,7.0,14.0,13.0,,,,
350270,2022,24585,Apiaí - SP,86,18,616121.33,907,47.666666666666664,55.0,51.0,,,,
350275,2022,21522,Araçariguama - SP,85,6,893631.31,1398,22.0,,,,,,
350280,2022,200124,Araçatuba - SP,1277,281,11752606.61,15386,901.0833333333334,559.5,371.6666666666667,,,,
350290,2022,32443,Araçoiaba da Serra - SP,135,25,1232181.27,1965,36.416666666666664,363.0,45.0,,,,
350300,2022,5420,Aramina - SP,41,9,347619.27,356,12.166666666666666,,,,,,
350310,2022,6885,Arandu - SP,19,3,269823.58,383,6.0,6.0,6.0,,,,
350315,2022,2330,Arapeí - SP,12,0,155648.56,156,3.0,,,,,,
350320,2022,242228,Araraquara - SP,995,201,7292817.97,10735,832.5,669.5833333333334,382.75,,,,
350330,2022,130866,Araras - SP,680,103,5607759.45,8445,329.75,507.3333333333333,241.66666666666666,,,,
350335,2022,2044,Arco-Íris - SP,31,8,117660.41,302,2.0,,,,,,
350340,2022,8130,Arealva - SP,79,12,445335.09,952,13.5,32.0,15.0,,,,
350350,2022,3577,Areias - SP,29,9,212342.25,384,5.0,,,,,,
350360,2022,10130,Areiópolis - SP,59,7,737264.37,874,14.0,,,,,,
350370,2022,7602,Ariranha - SP,48,10,455613.31,504,13.75,,,,,,
350380,2022,51456,Artur Nogueira - SP,116,27,1353375.18,1634,96.5,102.91666666666667,2.0,,,,
350390,2022,86678,Arujá - SP,339,31,2939957.91,4437,67.91666666666667,96.25,36.5,,,,
350395,2022,1842,Aspásia - SP,17,3,120613.53,156,2.0,,,,,,
350400,2022,101409,Assis - SP,1061,253,6822981.32,10386,470.0833333333333,357.0,203.0,,,,
350410,2022,158647,Atibaia - SP,355,31,3525045.22,4369,394.5,219.0,55.5,,,,
350420,2022,13692,Auriflama - SP,82,12,775344.01,996,30.75,45.25,35.0,,,,
350430,2022,4483,Avaí - SP,54,12,358502.08999999997,615,2.0,,,,,,
350440,2022,11263,Avanhandava - SP,122,31,685035.96,1241,18.583333333333332,,,,,,
350450,2022,92805,Avaré - SP,391,66,4121538.85,5642,277.4166666666667,201.5,152.0,,,,
350460,2022,27260,Bady Bassitt - SP,262,64,2400593.34,2735,13.416666666666666,,,,,,
350470,2022,3887,Balbinos - SP,11,1,52430.119999999995,139,5.0,,,,,,
350480,2022,9596,Bálsamo - SP,125,43,1253286.52,1476,6.0,,,,,,
350490,2022,9969,Bananal - SP,35,3,305481.81,426,13.222222222222221,15.0,15.0,,,,
350500,2022,3531,Barão de Antonina - SP,14,3,150731.35,187,4.0,,,,,,
350510,2022,5640,Barbosa - SP,63,13,304690.96,487,3.0,,,,,,
350520,2022,31595,Bariri - SP,148,17,1299412.98,2066,86.0,65.0,52.0,,,,
350530,2022,34346,Barra Bonita - SP,154,21,1171349.81,1797,101.5,98.0,59.0,,,,
350535,2022,5179,Barra do Chapéu - SP,13,4,95424.74,143,7.0,,,,,,
350540,2022,6876,Barra do Turvo - SP,23,5,261694.52000000002,433,8.0,,,,,,
350550,2022,122485,Barretos - SP,1048,230,7240967.82,9700,341.9166666666667,697.75,493.6666666666667,,,,
350560,2022,32092,Barrinha - SP,195,29,1784601.25,2294,34.916666666666664,,,,,,
350570,2022,316473,Barueri - SP,1775,280,14015775.93,27214,447.5833333333333,587.8333333333334,486.5,,,,
350580,2022,21503,Bastos - SP,194,46,1176580.42,1879,36.0,30.0,23.0,,,,
350590,2022,58402,Batatais - SP,537,97,3684838.78,5326,284.0,146.83333333333334,108.41666666666667,,,,
350600,2022,379146,Bauru - SP,2610,495,17763226.53,33736,916.1666666666666,1584.75,824.0,,,,
350610,2022,76373,Bebedouro - SP,371,59,2773585.67,3533,335.3333333333333,166.0,85.16666666666667,,,,
350620,2022,2606,Bento de Abreu - SP,17,3,102337.77,147,3.0,,,,,,
350630,2022,11607,Bernardino de Campos - SP,115,19,725783.72,850,19.333333333333332,28.0,28.0,,,,
350635,2022,64188,Bertioga - SP,211,31,2082142.94,3346,66.58333333333333,58.333333333333336,56.5,,,,
350640,2022,7319,Bilac - SP,50,8,328137.52,573,11.166666666666666,36.0,35.0,,,,
350650,2022,118979,Birigui - SP,848,196,6084630.55,8433,252.66666666666666,170.0,77.66666666666667,,,,
350660,2022,29683,Biritiba Mirim - SP,165,26,1247772.21,2146,21.333333333333332,6.5,4.0,,,,
350670,2022,12978,Boa Esperança do Sul - SP,79,9,525995.25,800,21.0,16.0,15.0,,,,
350680,2022,11259,Bocaina - SP,70,14,538957.19,774,20.916666666666668,27.916666666666668,24.416666666666668,,,,
350690,2022,10460,Bofete - SP,71,12,768343.72,888,5.916666666666667,,,,,,
350700,2022,61081,Boituva - SP,180,25,1688913.17,2734,121.58333333333333,53.833333333333336,40.0,,,,
350710,2022,22006,Bom Jesus dos Perdões - SP,114,15,1119660.6,1315,20.333333333333332,13.0,13.0,,,,
350715,2022,3555,Bom Sucesso de Itararé - SP,26,3,184486.82,289,6.0,,,,,,
350720,2022,907,Borá - SP,13,3,130406.67000000001,186,2.0,,,,,,
350730,2022,4715,Boracéia - SP,27,3,247790.09,397,5.0,,,,,,
350740,2022,14226,Borborema - SP,120,24,781095.46,977,38.333333333333336,26.0,16.0,,,,
350745,2022,2713,Borebi - SP,25,6,166990.62,442,4.0,,,,,,
350750,2022,145155,Botucatu - SP,800,93,8247826.18,10375,717.9166666666666,951.3333333333334,660.8333333333334,,,,
350760,2022,176811,Bragança Paulista - SP,827,83,6967243.08,9252,452.1666666666667,466.8333333333333,252.33333333333334,,,,
350770,2022,5356,Braúna - SP,46,15,291509.75,430,3.0,,,,,,
350775,2022,2565,Brejo Alegre - SP,14,2,99538.95999999999,152,4.0,,,,,,
350780,2022,25201,Brodowski - SP,169,20,1385423.69,1622,55.666666666666664,,,,,,
350790,2022,23898,Brotas - SP,128,29,1159463.43,1821,78.16666666666667,42.0,36.0,,,,
350800,2022,20250,Buri - SP,98,13,833655.08,1262,20.333333333333332,,,,,,
350810,2022,17210,Buritama - SP,98,19,811610.9,933,29.083333333333332,42.75,26.25,,,,
350820,2022,4356,Buritizal - SP,38,5,192394.22,239,6.0,,,,,,
350830,2022,4299,Cabrália Paulista - SP,32,8,160014.39,318,4.0,,,,,,
350840,2022,47011,Cabreúva - SP,219,29,1353030.66,2356,44.916666666666664,65.0,12.0,,,,
350850,2022,96202,Caçapava - SP,512,117,3843943.79,5921,335.8333333333333,208.58333333333334,82.0,,,,
350860,2022,31564,Cachoeira Paulista - SP,181,33,1422547.2,2100,72.58333333333333,32.0,31.5,,,,
350870,2022,17101,Caconde - SP,80,7,712090.97,904,41.333333333333336,62.0,62.0,,,,
350880,2022,16654,Cafelândia - SP,127,25,851017.64,1400,55.416666666666664,48.0,37.0,,,,
350890,2022,3712,Caiabu - SP,22,6,156799.11,252,5.0,,,,,,
350900,2022,95032,Caieiras - SP,354,55,2781304.99,5010,89.66666666666667,170.25,87.25,,,,
350910,2022,5466,Caiuá - SP,24,10,216742.47,246,6.0,,,,,,
350920,2022,92689,Cajamar - SP,250,25,2428497.95,4386,101.33333333333333,150.33333333333334,39.0,,,,
350925,2022,28515,Cajati - SP,115,19,1012542.99,1736,40.5,,,,,,
350930,2022,9133,Cajobi - SP,42,8,313199.41,383,11.0,32.0,21.0,,,,
350940,2022,23830,Cajuru - SP,177,22,1914871.44,1785,78.75,143.83333333333334,56.333333333333336,,,,
350945,2022,5954,Campina do Monte Alegre - SP,14,3,102720.0,209,5.333333333333333,,,,,,
350950,2022,1139047,Campinas - SP,6577,1187,57731952.98,94710,2430.3333333333335,3510.25,1699.5,,,,
350960,2022,77632,Campo Limpo Paulista - SP,715,200,3793712.35,5920,40.166666666666664,72.66666666666667,64.33333333333333,,,,
350970,2022,46974,Campos do Jordão - SP,201,33,1726010.58,2575,88.0,197.91666666666666,185.0,,,,
350980,2022,4888,Campos Novos Paulista - SP,42,3,419717.6,584,4.333333333333333,,,,,,
350990,2022,12289,Cananéia - SP,74,8,564147.49,890,9.0,,,,,,
350995,2022,4931,Canas - SP,45,15,247351.42,408,3.75,,,,,,
351000,2022,29449,Cândido Mota - SP,167,27,1485120.3900000001,1872,83.58333333333333,30.0,25.0,,,,
351010,2022,2889,Cândido Rodrigues - SP,20,7,211296.12999999998,283,2.0,,,,,,
351015,2022,6283,Canitar - SP,55,16,362936.82,476,3.0,,,,,,
351020,2022,46337,Capão Bonito - SP,222,25,1617310.51,2428,54.083333333333336,63.0,54.166666666666664,,,,
351030,2022,22866,Capela do Alto - SP,114,27,847145.47,1604,18.583333333333332,59.0,14.0,,,,
351040,2022,50068,Capivari - SP,333,81,2353348.61,3414,140.66666666666666,134.0,68.0,,,,
351050,2022,134873,Caraguatatuba - SP,1141,238,7789669.07,14625,240.66666666666666,447.6666666666667,368.0,,,,
351060,2022,386984,Carapicuíba - SP,2232,413,16473520.35,32182,129.75,332.0,275.0,,,,
351070,2022,11345,Cardoso - SP,113,9,1019507.66,1194,20.833333333333332,31.0,10.5,,,,
351080,2022,28083,Casa Branca - SP,120,20,928468.1,1197,89.25,409.3333333333333,396.3333333333333,,,,
351090,2022,2799,Cássia dos Coqueiros - SP,18,3,137479.19,145,5.0,,,,,,
351100,2022,19977,Castilho - SP,164,48,927139.52,1395,35.25,31.0,30.0,,,,
351110,2022,115791,Catanduva - SP,791,139,7586486.92,9178,586.0833333333334,674.0833333333334,422.6666666666667,,,,
351120,2022,7003,Catiguá - SP,53,15,435170.59,678,14.5,,,,,,
351130,2022,12618,Cedral - SP,96,22,1051044.1,1108,18.0,55.333333333333336,0.0,,,,
351140,2022,21469,Cerqueira César - SP,79,8,879275.65,1124,32.5,41.0,34.0,,,,
351150,2022,44695,Cerquilho - SP,107,9,887592.87,1372,138.08333333333334,40.0,27.0,,,,
351160,2022,19048,Cesário Lange - SP,83,8,751934.97,1254,20.083333333333332,27.0,23.0,,,,
351170,2022,15535,Charqueada - SP,91,19,746920.26,972,24.0,33.0,26.0,,,,
351190,2022,6982,Clementina - SP,48,7,418464.83,490,11.0,24.0,21.0,,,,
351200,2022,18486,Colina - SP,193,50,1049914.07,1625,44.416666666666664,67.0,52.666666666666664,,,,
351210,2022,6629,Colômbia - SP,44,7,317174.01,382,11.5,20.0,20.0,,,,
351220,2022,28101,Conchal - SP,123,14,1196427.64,1589,43.083333333333336,52.0,38.333333333333336,,,,
351230,2022,15232,Conchas - SP,97,4,1181563.3699999999,1220,43.166666666666664,12.25,12.166666666666666,,,,
351240,2022,24514,Cordeirópolis - SP,114,27,1045592.77,1340,49.5,,,,,,
351250,2022,5400,Coroados - SP,56,10,486521.04,565,2.0,,,,,,
351260,2022,4280,Coronel Macedo - SP,18,3,162983.84,240,5.0,2.5714285714285716,2.5714285714285716,,,,
351270,2022,4195,Corumbataí - SP,16,6,126123.61,178,5.0,2.0,2.0,,,,
351280,2022,59773,Cosmópolis - SP,242,45,2138791.4,3185,85.16666666666667,81.0,43.0,,,,
351290,2022,8719,Cosmorama - SP,61,9,465755.62,689,5.0,,,,,,
351300,2022,274413,Cotia - SP,1106,131,9706540.65,16178,203.5,534.5833333333334,165.66666666666666,,,,
351310,2022,33281,Cravinhos - SP,169,30,1486932.3699999999,1742,102.0,15.0,13.0,,,,
351320,2022,9272,Cristais Paulista - SP,43,13,479335.97000000003,484,14.0,,,,,,
351330,2022,2108,Cruzália - SP,20,5,114026.22,143,3.0,,,,,,
351340,2022,74961,Cruzeiro - SP,650,164,4862155.44,8845,303.3333333333333,136.83333333333334,103.66666666666667,,,,
351350,2022,112476,Cubatão - SP,799,179,5277714.48,10940,172.5,143.83333333333334,114.83333333333333,,,,
351360,2022,22110,Cunha - SP,131,24,930456.74,1595,25.75,40.0,25.0,,,,
351370,2022,31756,Descalvado - SP,153,34,1061188.62,1339,127.33333333333333,40.0,32.0,,,,
351380,2022,393237,Diadema - SP,2037,315,18442861.97,35094,198.58333333333334,754.1666666666666,690.4166666666666,,,,
351385,2022,1620,Dirce Reis - SP,16,2,110296.25,168,3.0,,,,,,
351390,2022,11158,Divinolândia - SP,93,22,698008.1,825,30.166666666666668,186.0,186.0,,,,
351400,2022,8759,Dobrada - SP,61,16,486361.86,812,10.0,,,,,,
351410,2022,24510,Dois Córregos - SP,107,17,926195.85,1448,49.5,67.0,47.0,,,,
351420,2022,2207,Dolcinópolis - SP,36,3,369017.39,474,3.0,,,,,,
351430,2022,8096,Dourado - SP,69,20,452346.49,633,17.666666666666668,20.0,20.0,,,,
351440,2022,45474,Dracena - SP,461,107,2910755.16,4497,239.75,173.75,135.0,,,,
351450,2022,12328,Duartina - SP,93,12,603685.05,966,48.916666666666664,87.0,77.0,,,,
351460,2022,9471,Dumont - SP,51,13,436299.48,588,5.0,,,,,,
351470,2022,6205,Echaporã - SP,49,8,384864.68,497,6.0,,,,,,
351480,2022,13069,Eldorado - SP,70,12,540090.12,1064,15.833333333333334,2.0,2.0,,,,
351490,2022,17699,Elias Fausto - SP,99,15,656396.0599999999,978,13.5,6.0,6.0,,,,
351492,2022,3138,Elisiário - SP,17,5,72156.49,115,4.0,,,,,,
351495,2022,2323,Embaúba - SP,28,5,225502.17,217,3.0,,,,,,
351500,2022,250691,Embu das Artes - SP,1325,215,12383684.43,20766,143.16666666666666,346.5,99.41666666666667,,,,
351510,2022,66970,Embu-Guaçu - SP,337,52,2444566.5,4652,41.833333333333336,19.333333333333332,16.0,,,,
351512,2022,3014,Emilianópolis - SP,16,5,141965.74,175,3.3,,,,,,
351515,2022,19566,Engenheiro Coelho - SP,118,16,1084294.44,1333,36.916666666666664,,,,,,
351518,2022,39816,Espírito Santo do Pinhal - SP,314,89,2446926.53,4109,172.41666666666666,440.75,353.3333333333333,,,,
351519,2022,4157,Espírito Santo do Turvo - SP,24,1,167502.14,197,5.0,,,,,,
351520,2022,9417,Estrela d'Oeste - SP,63,5,513957.60000000003,719,28.0,37.0,31.0,,,,
351530,2022,2703,Estrela do Norte - SP,8,1,46100.91,106,2.0,,,,,,
351535,2022,7924,Euclides da Cunha Paulista - SP,27,6,222759.62,326,14.0,,,,,,
351540,2022,16641,Fartura - SP,77,9,687874.97,906,37.25,20.0,12.0,,,,
351550,2022,71186,Fernandópolis - SP,556,68,5142472.0,6942,448.8333333333333,148.33333333333334,93.0,,,,
351560,2022,5942,Fernando Prestes - SP,37,4,266082.32,322,9.0,,,,,,
351565,2022,1656,Fernão - SP,17,2,98795.75,127,3.0,,,,,,
351570,2022,179198,Ferraz de Vasconcelos - SP,761,112,6118609.81,10707,62.083333333333336,262.0,233.5,,,,
351580,2022,1487,Flora Rica - SP,4,0,60894.72,56,3.0,,,,,,
351590,2022,2733,Floreal - SP,24,3,159816.67,188,3.0,,,,,,
351600,2022,12958,Flórida Paulista - SP,61,8,508001.49,664,18.0,47.0,30.0,,,,
351610,2022,3851,Florínea - SP,30,6,229541.42,350,6.0,,,,,,
351620,2022,352536,Franca - SP,2190,515,19513806.69,24220,445.1666666666667,675.0833333333334,469.3333333333333,,,,
351630,2022,165139,Francisco Morato - SP,810,153,6331741.33,12163,79.66666666666667,231.83333333333334,212.66666666666666,,,,
351640,2022,144849,Franco da Rocha - SP,643,122,4981124.71,10211,119.08333333333333,579.1666666666666,465.4166666666667,,,,
351650,2022,2763,Gabriel Monteiro - SP,20,1,106368.94,147,3.0,,,,,,
351660,2022,6380,Gália - SP,48,10,411867.59,551,11.0,45.0,27.0,,,,
351670,2022,42110,Garça - SP,537,168,3016451.66,5485,77.91666666666667,289.8333333333333,255.83333333333334,,,,
351680,2022,3252,Gastão Vidigal - SP,31,4,302195.24,320,2.0,,,,,,
351685,2022,4702,Gavião Peixoto - SP,30,3,225175.66,287,8.454545454545455,,,,,,
351690,2022,10312,General Salgado - SP,83,9,1006824.4,1055,21.0,28.0,19.0,,,,
351700,2022,10232,Getulina - SP,69,13,408775.13,646,19.0,38.0,36.0,,,,
351710,2022,4138,Glicério - SP,46,13,213404.55,324,3.0,,,,,,
351720,2022,11239,Guaiçara - SP,85,17,516331.46,781,14.0,,,,,,
351730,2022,5512,Guaimbê - SP,45,5,386552.10000000003,664,6.583333333333333,,,,,,
351740,2022,39279,Guaíra - SP,157,31,1399228.5,1680,87.5,77.66666666666667,53.0,,,,
351750,2022,21711,Guapiaçu - SP,215,50,2256852.29,2420,23.833333333333332,,,,,,
351760,2022,17071,Guapiara - SP,92,22,610844.11,889,20.0,29.77777777777778,28.666666666666668,,,,
351770,2022,18606,Guará - SP,126,29,817065.12,971,57.916666666666664,56.0,48.0,,,,
351780,2022,7441,Guaraçaí - SP,65,15,373429.92,534,13.0,23.0,15.0,,,,
351790,2022,10350,Guaraci - SP,63,12,517277.92,636,19.0,,,,,,
351800,2022,1968,Guarani d'Oeste - SP,10,0,61542.990000000005,80,3.5,,,,,,
351810,2022,6427,Guarantã - SP,31,4,331141.84,555,6.0,,,,,,
351820,2022,31043,Guararapes - SP,158,38,1599725.29,1612,70.33333333333333,75.66666666666667,48.0,,,,
351830,2022,31236,Guararema - SP,146,24,1038095.0,1791,31.75,31.5,29.5,,,,
351840,2022,118044,Guaratinguetá - SP,1487,446,9495204.22,16260,475.4166666666667,396.4166666666667,198.33333333333334,,,,
351850,2022,15013,Guareí - SP,57,16,344281.88,705,14.416666666666666,,,,,,
351860,2022,37498,Guariba - SP,151,20,1218047.98,1288,51.0,68.16666666666667,59.0,,,,
351870,2022,287634,Guarujá - SP,1927,468,15026888.15,27215,388.0833333333333,546.6666666666666,380.3333333333333,,,,
351880,2022,1291771,Guarulhos - SP,5328,1111,42274283.31,73811,852.9166666666666,2314.75,1680.8333333333333,,,,
351885,2022,7320,Guatapará - SP,49,9,428860.39,507,10.0,,,,,,
351890,2022,4246,Guzolândia - SP,22,10,192270.68,270,3.0,,,,,,
351900,2022,9125,Herculândia - SP,91,20,524456.19,919,16.0,58.0,58.0,,,,
351905,2022,15094,Holambra - SP,64,6,650229.3,888,29.5,,,,,,
351907,2022,236641,Hortolândia - SP,819,125,8175357.72,13218,196.0,143.0,105.16666666666667,,,,
351910,2022,10437,Iacanga - SP,76,14,479890.62,864,18.636363636363637,30.0,28.0,,,,
351920,2022,6131,Iacri - SP,70,14,395653.56,717,5.916666666666667,,,,,,
351925,2022,8010,Iaras - SP,39,4,505363.64,546,8.0,,,,,,
351930,2022,32178,Ibaté - SP,255,49,1790334.75,2730,52.25,29.5,27.0,,,,
351940,2022,11690,Ibirá - SP,128,21,1532972.2,1574,21.0,27.0,9.0,,,,
351950,2022,6385,Ibirarema - SP,84,19,628746.5,860,6.75,,,,,,
351960,2022,60033,Ibitinga - SP,601,151,3042823.14,4742,161.16666666666666,119.41666666666667,56.333333333333336,,,,
351970,2022,75605,Ibiúna - SP,284,34,2561545.21,4159,60.083333333333336,230.33333333333334,69.41666666666667,,,,
351980,2022,7819,Icém - SP,61,17,598066.03,693,20.333333333333332,,,,,,
351990,2022,7619,Iepê - SP,81,22,470601.48,693,22.166666666666668,18.0,18.0,,,,
352000,2022,23106,Igaraçu do Tietê - SP,97,14,856286.89,1540,14.416666666666666,,,,,,
352010,2022,26212,Igarapava - SP,127,22,813869.27,838,66.66666666666667,48.166666666666664,38.0,,,,
352020,2022,10605,Igaratá - SP,128,21,872702.04,1220,8.416666666666666,8.0,8.0,,,,
352030,2022,29115,Iguape - SP,126,27,1014451.38,1942,32.25,9.0,9.0,,,,
352040,2022,34934,Ilhabela - SP,248,38,1510592.31,2358,35.916666666666664,53.5,53.5,,,,
352042,2022,13419,Ilha Comprida - SP,93,22,688587.62,1167,12.583333333333334,,,,,,
352044,2022,25549,Ilha Solteira - SP,213,57,1380972.74,2237,121.58333333333333,125.5,85.33333333333333,,,,
352050,2022,255748,Indaiatuba - SP,1521,287,10387556.28,19369,419.6666666666667,463.4166666666667,268.3333333333333,,,,
352060,2022,5090,Indiana - SP,20,5,176338.72,211,8.1,,,,,,
352070,2022,4035,Indiaporã - SP,37,4,258475.76,309,6.0,36.0,4.0,,,,
352080,2022,3615,Inúbia Paulista - SP,42,11,365367.81,607,2.0,,,,,,
352090,2022,13712,Ipaussu - SP,103,17,797628.25,995,19.25,49.0,38.0,,,,
352100,2022,36459,Iperó - SP,170,27,1502811.91,2267,31.583333333333332,15.0,15.0,,,,
352110,2022,6831,Ipeúna - SP,32,4,208967.65,396,8.909090909090908,,,,,,
352115,2022,6761,Ipiguá - SP,50,16,453211.70999999996,440,3.0,,,,,,
352120,2022,4046,Iporanga - SP,12,3,223529.77,251,5.0,,,,,,
352130,2022,14454,Ipuã - SP,55,12,484734.32,584,58.81818181818182,53.81818181818182,43.0,,,,
352140,2022,21967,Iracemápolis - SP,93,18,822183.76,1198,32.75,9.25,8.0,,,,
352150,2022,6867,Irapuã - SP,38,6,372986.88,339,10.583333333333334,,,,,,
352160,2022,7085,Irapuru - SP,37,4,283512.79000000004,472,6.0,,,,,,
352170,2022,17983,Itaberá - SP,81,11,674913.24,1006,24.0,19.0,19.0,,,,
352180,2022,25180,Itaí - SP,82,10,926972.63,1165,31.666666666666668,37.0,36.166666666666664,,,,
352190,2022,16989,Itajobi - SP,119,20,1093230.0,1149,29.083333333333332,50.0,32.75,,,,
352200,2022,3618,Itaju - SP,22,1,138903.24,239,2.0,,,,,,
352210,2022,112476,Itanhaém - SP,767,164,5658944.36,10244,93.41666666666667,173.75,144.25,,,,
352215,2022,3422,Itaoca - SP,10,1,65975.82,132,4.0,,,,,,
352220,2022,158522,Itapecerica da Serra - SP,1012,157,7715446.25,12734,77.5,710.0,243.75,,,,
352230,2022,157790,Itapetininga - SP,783,101,5456062.68,10383,447.0,184.83333333333334,134.33333333333334,,,,
352240,2022,89728,Itapeva - SP,552,91,4619876.72,7317,302.0833333333333,187.5,138.66666666666666,,,,
352250,2022,232297,Itapevi - SP,1059,135,9654830.34,18608,121.66666666666667,491.1666666666667,286.1666666666667,,,,
352260,2022,72022,Itapira - SP,478,81,4050448.77,5511,160.08333333333334,960.0833333333334,577.9166666666666,,,,
352265,2022,4306,Itapirapuã Paulista - SP,6,0,29101.66,28,7.0,,,,,,
352270,2022,39493,Itápolis - SP,500,138,2544002.19,3605,99.5,90.0,64.0,,,,
352280,2022,14085,Itaporanga - SP,40,3,433248.7,530,19.0,43.666666666666664,30.0,,,,
352290,2022,13659,Itapuí - SP,73,8,635720.92,1072,15.0,30.0,30.0,,,,
352300,2022,3979,Itapura - SP,32,8,194844.73,265,5.0,,,,,,
352310,2022,369275,Itaquaquecetuba - SP,1536,264,12831256.34,23571,103.41666666666667,288.8333333333333,277.0,,,,
352320,2022,44438,Itararé - SP,152,13,1498215.1,2306,83.75,80.0,53.0,,,,
352330,2022,15528,Itariri - SP,60,14,488990.36,855,12.88888888888889,,,,,,
352340,2022,121590,Itatiba - SP,608,120,3026467.89,4983,211.33333333333334,157.16666666666666,76.5,,,,
352350,2022,19070,Itatinga - SP,91,13,971674.36,1028,20.75,14.0,7.0,,,,
352360,2022,16148,Itirapina - SP,69,8,492870.29,759,25.416666666666668,14.25,14.25,,,,
352370,2022,5779,Itirapuã - SP,30,4,278247.42,314,7.0,,,,,,
352380,2022,8046,Itobi - SP,51,17,259880.24000000002,389,6.666666666666667,,,,,,
352390,2022,168240,Itu - SP,973,137,6954627.91,10217,360.8333333333333,448.5833333333333,381.3333333333333,,,,
352400,2022,70616,Itupeva - SP,223,17,1616931.33,2645,65.0,88.0,50.0,,,,
352410,2022,37571,Ituverava - SP,420,75,2399771.61,3330,222.33333333333334,142.41666666666666,63.666666666666664,,,,
352420,2022,6221,Jaborandi - SP,40,7,387755.0,384,11.75,17.416666666666668,17.0,,,,
352430,2022,71821,Jaboticabal - SP,472,123,3710161.22,5355,216.16666666666666,238.0,49.666666666666664,,,,
352440,2022,240275,Jacareí - SP,1902,332,12917976.25,19747,479.4166666666667,461.3333333333333,217.66666666666666,,,,
352450,2022,7613,Jaci - SP,87,10,760615.18,744,9.0,216.0,149.0,,,,
352460,2022,16097,Jacupiranga - SP,72,9,580273.77,1015,22.0,,,,,,
352470,2022,59347,Jaguariúna - SP,385,82,2888802.69,4499,113.58333333333333,102.33333333333333,92.83333333333333,,,,
352480,2022,48776,Jales - SP,402,52,3660457.5100000002,4368,239.91666666666666,181.33333333333334,127.16666666666667,,,,
352490,2022,6397,Jambeiro - SP,22,6,127717.08,265,6.666666666666667,,,,,,
352500,2022,118045,Jandira - SP,379,57,2764851.4,6220,62.25,17.0,0.75,,,,
352510,2022,45282,Jardinópolis - SP,244,45,2202261.69,2840,70.66666666666667,,,,,,
352520,2022,37535,Jarinu - SP,191,30,1180757.58,1672,27.583333333333332,30.0,18.0,,,,
352530,2022,133497,Jaú - SP,1259,269,9944703.62,15603,473.75,1101.75,749.9166666666666,,,,
352540,2022,3863,Jeriquara - SP,11,4,98243.36,87,3.0,,,,,,
352550,2022,12815,Joanópolis - SP,53,12,515077.6,734,13.0,11.0,11.0,,,,
352560,2022,4371,João Ramalho - SP,54,17,304913.48,567,6.166666666666667,,,,,,
352570,2022,36633,José Bonifácio - SP,357,86,3547927.03,3986,71.66666666666667,67.0,22.0,,,,
352580,2022,4254,Júlio Mesquita - SP,37,4,286348.63,515,5.0,,,,,,
352585,2022,3056,Jumirim - SP,6,1,24942.86,33,6.0,,,,,,
352590,2022,443221,Jundiaí - SP,2546,402,16277673.41,24751,1790.5833333333333,1066.75,533.5833333333334,,,,
352600,2022,20448,Junqueirópolis - SP,144,25,1167241.05,1461,37.0,46.0,25.0,,,,
352610,2022,17154,Juquiá - SP,93,10,492792.76,856,16.0,,,,,,
352620,2022,27404,Juquitiba - SP,202,30,1834652.99,3065,18.5,12.083333333333334,12.083333333333334,,,,
352630,2022,5083,Lagoinha - SP,27,8,245272.07,306,8.0,,,,,,
352640,2022,26261,Laranjal Paulista - SP,101,11,981112.99,1161,92.08333333333333,51.75,32.5,,,,
352650,2022,9689,Lavínia - SP,46,8,267448.58,526,8.833333333333334,,,,,,
352660,2022,7171,Lavrinhas - SP,59,10,402799.46,787,7.7272727272727275,,,,,,
352670,2022,98161,Leme - SP,551,113,3525062.66,5611,221.0,143.66666666666666,88.75,,,,
352680,2022,66505,Lençóis Paulista - SP,620,158,3721700.7399999998,6702,255.83333333333334,187.0,53.333333333333336,,,,
352690,2022,291869,Limeira - SP,1621,308,15770787.57,18805,1043.3333333333333,493.1666666666667,236.91666666666666,,,,
352700,2022,7014,Lindóia - SP,17,2,220167.24,301,14.3,,,,,,
352710,2022,74779,Lins - SP,466,79,3242634.98,5385,559.9166666666666,461.9166666666667,350.5,,,,
352720,2022,84855,Lorena - SP,786,231,4530166.87,7795,340.8333333333333,213.66666666666666,107.91666666666667,,,,
352725,2022,1950,Lourdes - SP,17,4,143178.05,218,4.3,,,,,,
352730,2022,51847,Louveira - SP,144,25,882085.61,1456,47.5,44.5,28.833333333333332,,,,
352740,2022,20061,Lucélia - SP,112,14,708539.6699999999,1115,41.166666666666664,36.0,30.0,,,,
352750,2022,2372,Lucianópolis - SP,13,2,60486.11,117,3.0,,,,,,
352760,2022,12265,Luís Antônio - SP,64,10,568092.2,676,23.75,,,,,,
352770,2022,4701,Luiziânia - SP,79,17,373681.33999999997,672,6.166666666666667,,,,,,
352780,2022,3981,Lupércio - SP,24,3,211730.96,403,5.0,,,,,,
352790,2022,2661,Lutécia - SP,33,7,312856.73,407,3.0,,,,,,
352800,2022,16829,Macatuba - SP,141,37,898584.16,1668,35.0,34.5,19.0,,,,
352810,2022,7481,Macaubal - SP,49,6,438544.6,518,10.25,15.333333333333334,10.5,,,,
352820,2022,3963,Macedônia - SP,33,4,266155.15,402,4.0,,,,,,
352830,2022,3165,Magda - SP,23,4,172037.53,222,4.0,,,,,,
352840,2022,50027,Mairinque - SP,191,36,1637013.85,2800,71.58333333333333,,,,,,
352850,2022,93853,Mairiporã - SP,245,26,2021648.17,3800,57.25,51.75,43.25,,,,
352860,2022,9871,Manduri - SP,42,5,375156.16,495,15.0,,,,,,
352870,2022,4573,Marabá Paulista - SP,24,2,275293.65,342,5.0,,,,,,
352880,2022,12673,Maracaí - SP,108,21,861584.01,1186,15.75,26.0,22.0,,,,
352885,2022,3292,Marapoama - SP,46,8,354273.02,311,4.0,,,,,,
352890,2022,3513,Mariápolis - SP,32,5,227990.9,295,4.0,,,,,,
352900,2022,237627,Marília - SP,2448,485,20247984.54,31148,1019.8333333333334,1069.0,823.25,,,,
352910,2022,1860,Marinópolis - SP,24,1,210760.72999999998,218,3.0,,,,,,
352920,2022,24881,Martinópolis - SP,92,20,736196.9,1121,45.5,48.333333333333336,40.0,,,,
352930,2022,79033,Matão - SP,555,157,4631650.42,6595,246.66666666666666,195.08333333333334,129.16666666666666,,,,
352940,2022,418261,Mauá - SP,1979,341,15033832.55,28813,315.0833333333333,665.25,281.75,,,,
352950,2022,6159,Mendonça - SP,64,11,529846.94,642,8.0,,,,,,
352960,2022,4572,Meridiano - SP,31,4,224723.56,204,7.0,,,,,,
352965,2022,1952,Mesópolis - SP,14,3,154787.98,146,2.0,,,,,,
352970,2022,19441,Miguelópolis - SP,146,28,971915.52,1228,46.916666666666664,77.75,56.75,,,,
352980,2022,11230,Mineiros do Tietê - SP,97,25,818999.01,1305,11.0,11.0,11.0,,,,
352990,2022,18553,Miracatu - SP,117,23,836178.86,1361,19.0,,,,,,
353000,2022,3126,Mira Estrela - SP,30,4,279462.45,265,5.0,,,,,,
353010,2022,27983,Mirandópolis - SP,254,74,1336514.73,2371,66.91666666666667,90.16666666666667,88.5,,,,
353020,2022,15917,Mirante do Paranapanema - SP,94,19,773479.67,1462,24.333333333333332,23.0,21.75,,,,
353030,2022,63337,Mirassol - SP,541,137,5557662.85,5971,147.5,79.66666666666667,28.666666666666668,,,,
353040,2022,4669,Mirassolândia - SP,58,14,548456.03,726,2.0,,,,,,
353050,2022,67681,Mococa - SP,621,140,4066588.47,5832,254.08333333333334,152.0,96.0,,,,
353060,2022,451505,Mogi das Cruzes - SP,2559,398,19625243.79,32629,341.1666666666667,1108.4166666666667,756.6666666666666,,,,
353070,2022,153658,Mogi Guaçu - SP,925,175,7223468.92,12128,393.6666666666667,419.25,201.5,,,,
353080,2022,92558,Mogi Mirim - SP,442,96,3768046.76,5931,270.5833333333333,214.25,135.83333333333334,,,,
353090,2022,3722,Mombuca - SP,19,5,159339.83000000002,192,4.0,,,,,,
353100,2022,1937,Monções - SP,12,0,59577.77,81,7.0,,,,,,
353110,2022,61951,Mongaguá - SP,401,98,2510758.53,4491,45.083333333333336,90.0,36.0,,,,
353120,2022,8627,Monte Alegre do Sul - SP,62,9,459474.72,624,15.25,,,,,,
353130,2022,47574,Monte Alto - SP,520,96,4472209.03,6693,234.5,133.5,73.91666666666667,,,,
353140,2022,22280,Monte Aprazível - SP,182,39,1939482.2,2115,51.333333333333336,80.0,30.0,,,,
353150,2022,18151,Monte Azul Paulista - SP,74,14,734985.71,783,47.0,70.0,51.0,,,,
353160,2022,4222,Monte Castelo - SP,52,10,335602.44,371,5.333333333333333,,,,,,
353170,2022,4138,Monteiro Lobato - SP,28,5,209928.36,339,7.0,,,,,,
353180,2022,64662,Monte Mor - SP,206,33,2243204.2,3311,75.66666666666667,35.0,26.0,,,,
353190,2022,27933,Morro Agudo - SP,188,48,1605249.74,2032,80.91666666666667,60.083333333333336,47.166666666666664,,,,
353200,2022,13720,Morungaba - SP,36,4,346881.06,389,21.0,22.0,11.0,,,,
353205,2022,4034,Motuca - SP,24,7,148832.49,250,6.0,,,,,,
353210,2022,3737,Murutinga do Sul - SP,24,7,133617.52,202,6.0,,,,,,
353215,2022,2660,Nantes - SP,24,5,162342.94,157,4.222222222222222,,,,,,
353220,2022,5713,Narandiba - SP,30,7,204561.17,287,5.25,,,,,,
353230,2022,6999,Natividade da Serra - SP,44,5,408179.52,733,6.0,,,,,,
353240,2022,18217,Nazaré Paulista - SP,94,9,746442.56,964,10.0,20.0,20.0,,,,
353250,2022,9699,Neves Paulista - SP,90,27,682622.58,873,15.166666666666666,21.0,10.0,,,,
353260,2022,9852,Nhandeara - SP,75,6,626444.73,694,41.666666666666664,129.0,35.0,,,,
353270,2022,4750,Nipoã - SP,40,9,362540.02,371,4.0,,,,,,
353280,2022,6693,Nova Aliança - SP,89,22,863520.1,933,5.0,,,,,,
353282,2022,8497,Nova Campina - SP,42,4,356460.54000000004,546,9.25,,,,,,
353284,2022,2032,Nova Canaã Paulista - SP,20,6,104922.53,151,3.0,,,,,,
353286,2022,1062,Nova Castilho - SP,3,0,17225.32,24,4.0,,,,,,
353290,2022,9311,Nova Europa - SP,45,5,335995.07,388,22.333333333333332,18.0,13.0,,,,
353300,2022,19419,Nova Granada - SP,189,54,1959491.1400000001,2085,34.333333333333336,62.0,19.0,,,,
353310,2022,2156,Nova Guataporanga - SP,11,0,67288.35,94,4.5,,,,,,
353320,2022,4609,Nova Independência - SP,37,10,220684.16,288,9.0,,,,,,
353325,2022,4412,Novais - SP,27,2,244789.13,309,3.4545454545454546,,,,,,
353330,2022,2837,Nova Luzitânia - SP,12,1,95581.44,119,4.0,,,,,,
353340,2022,62019,Nova Odessa - SP,166,27,1533594.51,2142,76.08333333333333,42.5,38.333333333333336,,,,
353350,2022,38324,Novo Horizonte - SP,318,81,2551782.3,2930,115.66666666666667,93.08333333333333,54.0,,,,
353360,2022,7391,Nuporanga - SP,43,14,398488.38,519,22.0,,,,,,
353370,2022,4331,Ocauçu - SP,32,6,321952.01,472,4.0,,,,,,
353380,2022,2512,Óleo - SP,11,1,60400.4,57,4.0,,,,,,
353390,2022,55074,Olímpia - SP,423,87,2997513.34,3981,170.33333333333334,86.83333333333333,46.833333333333336,,,,
353400,2022,4771,Onda Verde - SP,64,18,551001.24,479,7.0,,,,,,
353410,2022,6085,Oriente - SP,38,6,378675.13,518,12.083333333333334,,,,,,
353420,2022,6024,Orindiúva - SP,41,14,340632.57,452,17.0,,,,,,
353430,2022,38319,Orlândia - SP,87,10,730991.24,886,205.75,98.0,60.0,,,,
353440,2022,728615,Osasco - SP,3398,485,24818734.13,44840,1137.0833333333333,1198.3333333333333,789.0,,,,
353450,2022,2470,Oscar Bressane - SP,15,1,105192.8,114,4.0,,,,,,
353460,2022,31272,Osvaldo Cruz - SP,133,11,1243772.96,1435,88.66666666666667,77.0,55.5,,,,
353470,2022,103970,Ourinhos - SP,1011,235,7474308.15,9784,481.0,221.25,126.66666666666667,,,,
353475,2022,10294,Ouroeste - SP,59,9,540121.43,611,30.916666666666668,33.0,28.0,,,,
353480,2022,7779,Ouro Verde - SP,97,27,741484.27,881,8.25,,,,,,
353490,2022,14877,Pacaembu - SP,80,7,537900.83,891,30.0,37.0,32.0,,,,
353500,2022,11476,Palestina - SP,99,25,934962.45,928,22.0,,,,,,
353510,2022,9650,Palmares Paulista - SP,59,13,685595.33,650,19.166666666666668,,,,,,
353520,2022,8903,Palmeira d'Oeste - SP,77,14,617867.92,841,13.666666666666666,20.833333333333332,10.833333333333334,,,,
353530,2022,19594,Palmital - SP,145,22,1048292.98,1593,55.416666666666664,47.666666666666664,31.0,,,,
353540,2022,14964,Panorama - SP,105,19,808888.58,1004,20.0,31.0,31.0,,,,
353550,2022,41120,Paraguaçu Paulista - SP,435,111,3260674.95,4628,118.0,113.91666666666667,84.83333333333333,,,,
353560,2022,17667,Paraibuna - SP,150,38,1001143.2,1481,17.583333333333332,,,,,,
353570,2022,6099,Paraíso - SP,46,13,329853.35,422,11.0,,,,,,
353580,2022,19395,Paranapanema - SP,70,4,902027.4400000001,1036,52.25,23.5,21.0,,,,
353590,2022,4031,Paranapuã - SP,31,3,236195.8,268,2.0,,,,,,
353600,2022,10580,Parapuã - SP,90,17,517221.66,923,11.0,32.0,26.0,,,,
353610,2022,7153,Pardinho - SP,39,5,395868.61,404,4.0,,,,,,
353620,2022,19233,Pariquera-Açu - SP,120,30,886285.29,1515,31.0,204.66666666666666,203.0,,,,
353625,2022,2892,Parisi - SP,18,1,220898.11,187,2.0,,,,,,
353630,2022,14512,Patrocínio Paulista - SP,75,16,887068.6799999999,1049,19.666666666666668,35.0,23.0,,,,
353640,2022,7955,Paulicéia - SP,56,9,394367.76,656,6.181818181818182,,,,,,
353650,2022,110537,Paulínia - SP,608,125,4128936.95,7852,209.16666666666666,157.66666666666666,145.66666666666666,,,,
353657,2022,2090,Paulistânia - SP,7,1,54491.06,101,2.6666666666666665,,,,,,
353660,2022,7400,Paulo de Faria - SP,72,12,771439.97,920,8.0,20.75,16.0,,,,
353670,2022,44827,Pederneiras - SP,266,50,2040931.8499999999,3481,87.58333333333333,61.0,50.0,,,,
353680,2022,6557,Pedra Bela - SP,28,4,211241.54,231,5.0,,,,,,
353690,2022,2787,Pedranópolis - SP,22,4,177291.38999999998,200,5.0,,,,,,
353700,2022,15525,Pedregulho - SP,68,9,605331.59,762,24.166666666666668,64.0,55.0,,,,
353710,2022,43112,Pedreira - SP,325,88,1857794.7,2994,72.08333333333333,113.41666666666667,108.83333333333333,,,,
353715,2022,2804,Pedrinhas Paulista - SP,29,3,259419.46,342,9.0,,,,,,
353720,2022,11281,Pedro de Toledo - SP,40,6,234182.98,481,14.0,3.0,3.0,,,,
353730,2022,61679,Penápolis - SP,683,161,3291144.24,5258,213.58333333333334,181.58333333333334,165.66666666666666,,,,
353740,2022,24095,Pereira Barreto - SP,122,26,1092475.55,1226,76.5,56.0,50.0,,,,
353750,2022,8737,Pereiras - SP,47,3,581084.96,589,10.333333333333334,,,,,,
353760,2022,68352,Peruíbe - SP,477,113,2872608.6,5639,83.75,19.0,16.25,,,,
353770,2022,5519,Piacatu - SP,30,5,214532.28,271,5.0,,,,,,
353780,2022,52970,Piedade - SP,180,16,1433720.17,2358,68.08333333333333,79.0,59.0,,,,
353790,2022,27619,Pilar do Sul - SP,107,14,1022428.85,1897,31.75,35.0,27.0,,,,
353800,2022,165428,Pindamonhangaba - SP,1166,275,8819145.32,16056,456.4166666666667,324.1666666666667,162.5,,,,
353810,2022,14542,Pindorama - SP,98,20,900056.61,1087,21.5,,,,,,
353820,2022,15224,Pinhalzinho - SP,87,10,666986.0800000001,799,20.166666666666668,2.0,0.0,,,,
353830,2022,3264,Piquerobi - SP,20,4,149454.09,278,3.0,,,,,,
353850,2022,12490,Piquete - SP,134,34,800249.19,1416,15.0,,,,,,
353860,2022,26029,Piracaia - SP,134,18,1274593.77,1481,29.083333333333332,47.25,28.583333333333332,,,,
353870,2022,423323,Piracicaba - SP,2625,471,22034180.45,28564,1182.4166666666667,911.4166666666666,480.1666666666667,,,,
353880,2022,29436,Piraju - SP,124,11,1652356.1500000001,1859,88.66666666666667,68.0,49.0,,,,
353890,2022,22431,Pirajuí - SP,154,21,944238.1,1620,58.416666666666664,288.75,84.75,,,,
353900,2022,10885,Pirangi - SP,78,13,603381.99,685,26.0,46.25,20.0,,,,
353910,2022,18370,Pirapora do Bom Jesus - SP,77,17,661962.6,1333,14.666666666666666,,,,,,
353920,2022,25348,Pirapozinho - SP,123,22,852281.74,1720,33.666666666666664,,,,,,
353930,2022,73545,Pirassununga - SP,423,94,2620834.57,4521,300.1666666666667,184.25,67.5,,,,
353940,2022,15108,Piratininga - SP,128,27,884948.86,1762,15.0,40.5,37.666666666666664,,,,
353950,2022,33674,Pitangueiras - SP,158,21,1609441.02,1915,69.58333333333333,50.0,32.0,,,,
353960,2022,4389,Planalto - SP,40,9,431614.61,358,3.1666666666666665,,,,,,
353970,2022,3025,Platina - SP,25,8,133187.55,181,2.0,,,,,,
353980,2022,103765,Poá - SP,384,57,3114445.6,5204,69.41666666666667,10.0,10.0,,,,
353990,2022,5592,Poloni - SP,53,9,555072.46,580,7.416666666666667,,,,,,
354000,2022,20196,Pompéia - SP,108,8,756402.99,1045,132.91666666666666,29.75,24.25,,,,
354010,2022,3395,Pongaí - SP,44,4,244900.96,379,2.0,,,,,,
354020,2022,37607,Pontal - SP,148,28,1385409.39,1805,83.33333333333333,40.0,32.0,,,,
354025,2022,4127,Pontalinda - SP,37,5,415898.1,442,2.0,,,,,,
354030,2022,2387,Pontes Gestal - SP,17,3,136747.33,194,4.0,,,,,,
354040,2022,4127,Populina - SP,35,3,283921.68,375,5.083333333333333,18.0,6.5,,,,
354050,2022,10451,Porangaba - SP,54,11,574584.25,679,15.5,,,,,,
354060,2022,56497,Porto Feliz - SP,90,9,637069.64,1214,95.91666666666667,66.33333333333333,40.833333333333336,,,,
354070,2022,52649,Porto Ferreira - SP,290,57,1933066.72,2710,195.5,62.25,37.0,,,,
354075,2022,20392,Potim - SP,166,24,1373902.75,2434,21.0,,,,,,
354080,2022,18496,Potirendaba - SP,143,28,1481894.04,1571,21.916666666666668,31.75,27.75,,,,
354085,2022,2578,Pracinha - SP,21,6,191167.07,318,3.0,,,,,,
354090,2022,17078,Pradópolis - SP,85,18,849351.6900000001,927,26.916666666666668,,,,,,
354100,2022,349935,Praia Grande - SP,1777,328,13016884.66,22452,293.3333333333333,418.3333333333333,258.6666666666667,,,,
354105,2022,5126,Pratânia - SP,38,4,448539.05,506,6.0,,,,,,
354110,2022,3804,Presidente Alves - SP,31,5,145451.53,326,3.8333333333333335,,,,,,
354120,2022,14490,Presidente Bernardes - SP,56,12,468200.3,671,33.54545454545455,51.0,40.0,,,,
354130,2022,39505,Presidente Epitácio - SP,147,34,1128769.71,1623,65.0,81.33333333333333,69.66666666666667,,,,
354140,2022,225668,Presidente Prudente - SP,1237,234,10283397.7,16608,988.3333333333334,1297.3333333333333,852.5,,,,
354150,2022,35201,Presidente Venceslau - SP,274,73,1717437.53,2782,106.08333333333333,112.33333333333333,70.5,,,,
354160,2022,35131,Promissão - SP,377,93,1910746.94,3297,89.91666666666667,56.0,55.666666666666664,,,,
354165,2022,3405,Quadra - SP,16,4,93112.47,125,5.0,,,,,,
354170,2022,13163,Quatá - SP,122,36,682290.51,1092,34.666666666666664,,,,,,
354180,2022,3265,Queiroz - SP,46,5,234117.37,428,2.0,,,,,,
354190,2022,9159,Queluz - SP,82,26,654864.74,1014,11.0,19.0,19.0,,,,
354200,2022,7038,Quintana - SP,48,6,306485.49,468,29.5,,,,,,
354210,2022,8965,Rafard - SP,65,13,510168.13,724,5.0,,,,,,
354220,2022,28588,Rancharia - SP,362,139,1729337.01,2552,79.0,119.16666666666667,81.83333333333333,,,,
354230,2022,4494,Redenção da Serra - SP,15,2,145279.57,159,5.0,,,,,,
354240,2022,20145,Regente Feijó - SP,89,12,771627.52,1201,33.666666666666664,43.25,33.0,,,,
354250,2022,7662,Reginópolis - SP,47,11,285337.81,636,8.25,,,,,,
354260,2022,59947,Registro - SP,265,40,1731067.52,2954,131.16666666666666,275.75,210.91666666666666,,,,
354270,2022,6404,Restinga - SP,43,14,319682.58,407,5.333333333333333,,,,,,
354280,2022,3132,Ribeira - SP,12,2,148235.71,216,6.0,,,,,,
354290,2022,10989,Ribeirão Bonito - SP,78,21,482190.87,622,28.0,24.0,18.0,,,,
354300,2022,18627,Ribeirão Branco - SP,89,15,654945.38,1094,14.0,28.833333333333332,28.833333333333332,,,,
354310,2022,4608,Ribeirão Corrente - SP,15,4,137997.43,206,5.0,,,,,,
354320,2022,4677,Ribeirão do Sul - SP,51,12,506995.87,649,3.0,,,,,,
354323,2022,2025,Ribeirão dos Índios - SP,14,5,127032.9,135,2.0,,,,,,
354325,2022,7450,Ribeirão Grande - SP,42,3,234945.88,380,2.0,,,,,,
354330,2022,115559,Ribeirão Pires - SP,451,69,3537372.84,6540,126.83333333333333,186.08333333333334,53.25,,,,
354340,2022,698642,Ribeirão Preto - SP,3668,660,33533806.77,41859,2644.6666666666665,2699.75,1653.5,,,,
354350,2022,5599,Riversul - SP,24,3,159602.59,302,4.0,,,,,,
354360,2022,4049,Rifaina - SP,17,5,139151.19,142,7.0,,,,,,
354370,2022,9098,Rincão - SP,75,13,463206.33,756,13.916666666666666,,,,,,
354380,2022,9259,Rinópolis - SP,111,19,623518.5,1191,10.5,23.0,20.0,,,,
354390,2022,201418,Rio Claro - SP,824,109,5910582.06,8179,649.0,431.1666666666667,238.5,,,,
354400,2022,31328,Rio das Pedras - SP,126,19,1080255.16,1243,89.41666666666667,63.0,56.0,,,,
354410,2022,44170,Rio Grande da Serra - SP,196,35,1566439.75,2817,20.75,,,,,,
354420,2022,10309,Riolândia - SP,63,6,541014.44,659,13.0,39.5,25.583333333333332,,,,
354425,2022,17440,Rosana - SP,82,7,688137.48,1155,41.0,82.0,82.0,,,,
354430,2022,10832,Roseira - SP,75,17,637728.9,960,15.916666666666666,54.0,14.0,,,,
354440,2022,2700,Rubiácea - SP,9,2,43110.68,65,5.0,,,,,,
354450,2022,3833,Rubinéia - SP,58,18,479475.43,609,3.0,,,,,,
354460,2022,5112,Sabino - SP,37,6,222678.69,341,5.7272727272727275,,,,,,
354470,2022,2474,Sagres - SP,11,1,161763.0,136,2.0,,,,,,
354480,2022,6437,Sales - SP,46,8,344680.29,458,4.181818181818182,,,,,,
354490,2022,11411,Sales Oliveira - SP,36,7,359574.72,377,44.833333333333336,30.0,20.0,,,,
354500,2022,15202,Salesópolis - SP,93,11,782251.8200000001,1283,15.0,10.75,10.333333333333334,,,,
354510,2022,4808,Salmourão - SP,25,1,213994.91999999998,354,3.0,,,,,,
354515,2022,8161,Saltinho - SP,53,11,424569.72,584,6.2727272727272725,1.0,0.0,,,,
354520,2022,134319,Salto - SP,709,125,4261280.68,7371,207.83333333333334,159.33333333333334,126.0,,,,
354530,2022,43748,Salto de Pirapora - SP,144,20,1235425.58,1788,86.41666666666667,53.5,43.25,,,,
354540,2022,9050,Salto Grande - SP,49,11,242329.1,404,8.25,34.0,22.0,,,,
354550,2022,3645,Sandovalina - SP,19,2,113557.02,254,3.0,,,,,,
354560,2022,14018,Santa Adélia - SP,89,17,945473.0800000001,1052,37.333333333333336,19.416666666666668,10.666666666666666,,,,
354570,2022,6393,Santa Albertina - SP,77,10,625530.5599999999,845,8.25,,,,,,
354580,2022,183347,Santa Bárbara d'Oeste - SP,1020,198,7888081.76,12588,345.75,226.91666666666666,135.33333333333334,,,,
354600,2022,13975,Santa Branca - SP,98,18,548077.16,868,13.0,,,,,,
354610,2022,2598,Santa Clara d'Oeste - SP,38,11,221809.56,317,5.0,,,,,,
354620,2022,4277,Santa Cruz da Conceição - SP,25,7,149889.04,171,4.0,,,,,,
354625,2022,2116,Santa Cruz da Esperança - SP,15,2,106201.86,107,7.0,,,,,,
354630,2022,28864,Santa Cruz das Palmeiras - SP,93,8,1039053.7,1181,74.75,35.0,25.0,,,,
354640,2022,46442,Santa Cruz do Rio Pardo - SP,235,21,1867901.14,2064,154.08333333333334,125.25,72.5,,,,
354650,2022,6118,Santa Ernestina - SP,47,5,319240.41,412,6.416666666666667,,,,,,
354660,2022,34794,Santa Fé do Sul - SP,407,93,3109760.69,4055,128.0,92.08333333333333,72.75,,,,
354670,2022,23611,Santa Gertrudes - SP,89,8,659884.66,876,49.75,,,,,,
354680,2022,53174,Santa Isabel - SP,535,139,2946112.76,5961,44.666666666666664,93.33333333333333,80.16666666666667,,,,
354690,2022,7149,Santa Lúcia - SP,34,6,183199.02,302,5.5,8.0,0.0,,,,
354700,2022,5243,Santa Maria da Serra - SP,47,9,428495.51,592,9.0,6.0,6.0,,,,
354710,2022,2956,Santa Mercedes - SP,26,2,201457.0,377,7.375,,,,,,
354720,2022,1670,Santana da Ponte Pensa - SP,21,1,179347.55,161,2.875,,,,,,
354730,2022,154105,Santana de Parnaíba - SP,471,54,4107645.66,7403,56.25,70.0,68.0,,,,
354740,2022,2733,Santa Rita d'Oeste - SP,50,12,295096.52999999997,406,4.0,,,,,,
354750,2022,24833,Santa Rita do Passa Quatro - SP,112,14,1088592.26,1289,77.83333333333333,311.0,288.0,,,,
354760,2022,23411,Santa Rosa de Viterbo - SP,89,11,902774.56,852,67.41666666666667,32.0,19.0,,,,
354765,2022,1645,Santa Salete - SP,13,0,90923.71,109,2.0,,,,,,
354770,2022,17963,Santo Anastácio - SP,74,14,651057.86,890,44.333333333333336,56.0,37.0,,,,
354780,2022,748919,Santo André - SP,5992,1070,35749127.47,49253,772.3333333333334,2121.0,1017.9166666666666,,,,
354790,2022,6775,Santo Antônio da Alegria - SP,50,7,397542.54,499,20.5,16.416666666666668,16.0,,,,
354800,2022,23244,Santo Antônio de Posse - SP,80,13,818173.26,1137,38.916666666666664,,,,,,
354805,2022,8379,Santo Antônio do Aracanguá - SP,53,10,417418.8,475,4.0,,,,,,
354810,2022,6126,Santo Antônio do Jardim - SP,44,9,407783.95999999996,527,9.0,,,,,,
354820,2022,7133,Santo Antônio do Pinhal - SP,53,9,479391.81,694,19.916666666666668,,,,,,
354830,2022,3000,Santo Expedito - SP,19,2,210041.06,437,2.0,,,,,,
354840,2022,3899,Santópolis do Aguapeí - SP,30,3,325670.15,464,3.0,,,,,,
354850,2022,418608,Santos - SP,3183,724,25870519.61,37262,1689.0,2013.0,923.0,,,,
354860,2022,11674,São Bento do Sapucaí - SP,60,8,528846.49,825,14.909090909090908,40.0,26.0,,,,
354870,2022,810729,São Bernardo do Campo - SP,5472,883,42797987.72,67481,946.5,2230.75,953.0,,,,
354880,2022,165655,São Caetano do Sul - SP,2215,520,11892515.92,22118,505.1666666666667,981.0,230.66666666666666,,,,
354890,2022,254857,São Carlos - SP,2112,495,14023712.14,20082,922.3333333333334,589.0833333333334,252.66666666666666,,,,
354900,2022,2602,São Francisco - SP,24,2,240106.13,315,5.0,,,,,,
354910,2022,92547,São João da Boa Vista - SP,522,73,3451257.68,5454,638.5,227.33333333333334,111.16666666666667,,,,
354920,2022,2580,São João das Duas Pontes - SP,21,4,139150.26,199,2.0,,,,,,
354925,2022,1846,São João de Iracema - SP,13,1,79955.92,113,4.0,,,,,,
354930,2022,2242,São João do Pau d'Alho - SP,27,6,271785.6,288,6.0,,,,,,
354940,2022,48558,São Joaquim da Barra - SP,210,65,1656776.3,2424,199.5,120.25,73.25,,,,
354950,2022,7626,São José da Bela Vista - SP,37,2,367744.03,393,6.0,,,,,,
354960,2022,3853,São José do Barreiro - SP,21,4,229625.32,287,5.0,,,,,,
354970,2022,52205,São José do Rio Pardo - SP,419,106,2380819.33,3516,173.25,151.0,88.66666666666667,,,,
354980,2022,480393,São José do Rio Preto - SP,3570,684,35366677.33,39325,1254.0833333333333,2580.5,1277.8333333333333,,,,
354990,2022,697054,São José dos Campos - SP,4052,1005,28990114.82,48002,1303.5,1963.25,895.75,,,,
354995,2022,16067,São Lourenço da Serra - SP,103,14,750246.4,1194,11.666666666666666,66.5,6.5,,,,
355000,2022,10337,São Luiz do Paraitinga - SP,60,4,527697.41,734,13.0,22.083333333333332,13.5,,,,
355010,2022,37289,São Manuel - SP,175,19,2270710.13,2400,108.25,65.41666666666667,40.25,,,,
355020,2022,32039,São Miguel Arcanjo - SP,109,10,868664.49,1351,63.333333333333336,53.25,52.0,,,,
355030,2022,11451999,São Paulo - SP,55290,8715,478784808.57,777081,16206.166666666666,37735.25,18724.083333333332,,,,
355040,2022,38256,São Pedro - SP,448,123,3433017.69,4515,88.91666666666667,74.58333333333333,59.25,,,,
355050,2022,7217,São Pedro do Turvo - SP,64,12,623473.14,747,6.0,,,,,,
355060,2022,79484,São Roque - SP,311,49,2366281.31,4223,259.0833333333333,306.1666666666667,68.66666666666667,,,,
355070,2022,81595,São Sebastião - SP,549,107,3725957.36,6013,202.41666666666666,110.25,101.75,,,,
355080,2022,10441,São Sebastião da Grama - SP,55,11,458169.76,580,28.333333333333332,30.0,26.0,,,,
355090,2022,13442,São Simão - SP,76,10,674231.66,801,37.0,40.0,36.0,,,,
355100,2022,329911,São Vicente - SP,1431,303,10515768.55,17491,238.0,306.9166666666667,174.16666666666666,,,,
355110,2022,10369,Sarapuí - SP,33,2,281604.44,524,9.88888888888889,,,,,,
355120,2022,3704,Sarutaiá - SP,11,1,74009.79999999999,120,2.0,,,,,,
355130,2022,3130,Sebastianópolis do Sul - SP,19,1,190982.49,238,4.0,,,,,,
355140,2022,12746,Serra Azul - SP,63,11,581043.4,694,17.0,,,,,,
355150,2022,43909,Serrana - SP,311,44,2442815.17,3409,56.166666666666664,144.41666666666666,126.0,,,,
355160,2022,29894,Serra Negra - SP,100,18,1152081.54,1573,78.41666666666667,49.0,33.0,,,,
355170,2022,126887,Sertãozinho - SP,685,101,5733151.14,7863,430.4166666666667,181.66666666666666,83.83333333333333,,,,
355180,2022,12730,Sete Barras - SP,71,15,511457.47000000003,975,10.0,,,,,,
355190,2022,14576,Severínia - SP,88,24,694402.13,761,16.0,,,,,,
355200,2022,6186,Silveiras - SP,73,15,465407.11,783,12.0,2.0,2.0,,,,
355210,2022,40122,Socorro - SP,238,31,1632738.57,2134,81.16666666666667,77.0,69.41666666666667,,,,
355220,2022,723682,Sorocaba - SP,4759,1290,27333609.26,50406,1307.0,1924.25,1130.0,,,,
355230,2022,7355,Sud Mennucci - SP,35,7,274814.15,331,9.4,22.0,20.0,,,,
355240,2022,279545,Sumaré - SP,1009,147,10668325.63,15298,269.5,259.1666666666667,242.66666666666666,,,,
355250,2022,307429,Suzano - SP,1330,194,10523191.3,17972,322.9166666666667,364.5833333333333,132.08333333333334,,,,
355255,2022,3408,Suzanápolis - SP,26,9,118787.03,221,5.0,,,,,,
355260,2022,11323,Tabapuã - SP,81,27,636042.53,886,19.5,30.0,11.0,,,,
355270,2022,14769,Tabatinga - SP,113,35,674480.08,842,47.416666666666664,35.0,22.0,,,,
355280,2022,273542,Taboão da Serra - SP,1222,160,11907710.47,19035,151.83333333333334,532.5833333333334,361.0833333333333,,,,
355290,2022,6260,Taciba - SP,41,5,303654.62,586,5.0,,,,,,
355300,2022,12669,Taguaí - SP,47,4,549930.87,649,15.0,30.0,25.0,,,,
355310,2022,5677,Taiaçu - SP,45,4,338018.32,412,12.416666666666666,,,,,,
355320,2022,6548,Taiúva - SP,26,6,207372.08,267,18.0,4.0,4.0,,,,
355330,2022,21435,Tambaú - SP,87,11,759187.16,999,83.58333333333333,36.0,28.0,,,,
355340,2022,25265,Tanabi - SP,247,69,2429181.85,2689,52.5,72.0,30.0,,,,
355350,2022,7996,Tapiraí - SP,45,11,416368.65,779,11.0,,,,,,
355360,2022,11816,Tapiratiba - SP,61,13,436683.17,485,18.583333333333332,23.5,21.75,,,,
355365,2022,2619,Taquaral - SP,14,3,107963.45,153,3.0,,,,,,
355370,2022,52260,Taquaritinga - SP,341,59,2140292.65,3325,169.33333333333334,146.33333333333334,92.66666666666667,,,,
355380,2022,24350,Taquarituba - SP,111,9,1302237.24,1602,22.166666666666668,51.25,35.166666666666664,,,,
355385,2022,6876,Taquarivaí - SP,31,5,208630.96,311,6.181818181818182,,,,,,
355390,2022,6536,Tarabai - SP,68,12,600475.4,1047,8.0,,,,,,
355395,2022,14882,Tarumã - SP,123,21,685416.47,1129,23.0,,,,,,
355400,2022,123942,Tatuí - SP,632,103,4614464.15,8389,396.3333333333333,158.41666666666666,92.33333333333333,,,,
355410,2022,310739,Taubaté - SP,1517,219,16344562.14,23335,900.75,587.0,424.1666666666667,,,,
355420,2022,4127,Tejupá - SP,14,3,124116.24,135,4.0,,,,,,
355430,2022,22173,Teodoro Sampaio - SP,107,15,957779.4299999999,1588,43.916666666666664,58.0,52.0,,,,
355440,2022,7904,Terra Roxa - SP,49,4,402293.7,445,17.0,34.0,30.0,,,,
355450,2022,37663,Tietê - SP,76,8,676208.66,1198,149.25,56.0,34.0,,,,
355460,2022,2464,Timburi - SP,29,7,247896.26,285,3.0,,,,,,
355465,2022,2046,Torre de Pedra - SP,11,1,101867.62,130,4.0,,,,,,
355470,2022,9335,Torrinha - SP,74,11,641267.1,1019,8.0,20.0,13.0,,,,
355475,2022,1682,Trabiju - SP,9,1,59653.65,79,2.0,,,,,,
355480,2022,51173,Tremembé - SP,199,33,1793436.58,2526,47.25,10.0,0.0,,,,
355490,2022,6804,Três Fronteiras - SP,87,26,618620.48,828,4.75,,,,,,
355495,2022,6778,Tuiuti - SP,32,3,228499.32,308,7.0,,,,,,
355500,2022,63928,Tupã - SP,956,235,4770752.67,9745,246.25,379.6666666666667,361.0,,,,
355510,2022,15854,Tupi Paulista - SP,132,36,1061043.83,1392,56.416666666666664,48.0,30.0,,,,
355520,2022,1818,Turiúba - SP,11,2,125700.86,189,2.0,,,,,,
355530,2022,1669,Turmalina - SP,25,3,509920.11,544,4.0,,,,,,
355535,2022,5365,Ubarana - SP,56,14,601555.91,800,3.0,,,,,,
355540,2022,92981,Ubatuba - SP,554,107,4098880.75,6645,71.5,111.16666666666667,85.83333333333333,,,,
355550,2022,5132,Ubirajara - SP,43,9,318053.31,412,6.583333333333333,,,,,,
355560,2022,10394,Uchoa - SP,106,23,1241561.95,1310,28.0,,,,,,
355570,2022,1603,União Paulista - SP,18,2,223849.72,172,3.0,,,,,,
355580,2022,8833,Urânia - SP,97,12,644748.44,709,9.5,26.0,24.0,,,,
355590,2022,1387,Uru - SP,24,6,175966.78,273,3.0,,,,,,
355600,2022,13744,Urupês - SP,87,8,905547.93,968,29.166666666666668,34.0,11.0,,,,
355610,2022,14098,Valentim Gentil - SP,101,9,923088.3099999999,1178,22.0,,,,,,
355620,2022,126373,Valinhos - SP,819,205,4252497.11,8598,455.6666666666667,203.08333333333334,66.83333333333333,,,,
355630,2022,24241,Valparaíso - SP,112,22,1161602.89,1427,43.75,55.0,31.0,,,,
355635,2022,10512,Vargem - SP,68,13,504161.45999999996,640,3.0,,,,,,
355640,2022,40133,Vargem Grande do Sul - SP,117,7,968794.95,1162,122.66666666666667,50.0,31.0,,,,
355645,2022,50415,Vargem Grande Paulista - SP,240,21,1903591.11,3115,50.75,40.0,0.0,,,,
355650,2022,115771,Várzea Paulista - SP,432,69,3025585.34,4663,55.75,35.833333333333336,32.0,,,,
355660,2022,10176,Vera Cruz - SP,74,11,755822.0,1112,22.083333333333332,72.0,0.0,,,,
355670,2022,76540,Vinhedo - SP,115,13,1373737.79,1919,314.5833333333333,105.5,62.833333333333336,,,,
355680,2022,17414,Viradouro - SP,72,11,571173.48,616,45.916666666666664,48.0,30.0,,,,
355690,2022,8109,Vista Alegre do Alto - SP,34,9,254612.93,344,8.272727272727273,,,,,,
355695,2022,1794,Vitória Brasil - SP,14,3,157565.58000000002,187,3.0,,,,,,
355700,2022,127923,Votorantim - SP,667,164,4306490.14,8078,122.5,180.41666666666666,86.83333333333333,,,,
355710,2022,96634,Votuporanga - SP,655,65,5777866.62,7003,443.4166666666667,265.6666666666667,137.0,,,,
355715,2022,2692,Zacarias - SP,30,6,322444.55,279,3.0,,,,,,
355720,2022,12211,Chavantes - SP,93,18,730190.86,810,24.0,51.0,30.0,,,,
355730,2022,11295,Estiva Gerbi - SP,68,10,452719.51,706,16.454545454545453,,,,,,
350010,2023,34687,Adamantina - SP,340,61,2034558.55,3406,160.25,233.41666666666666,174.91666666666666,30486970.49,29801196.07,29516736.76,28821469.24
350020,2023,4351,Adolfo - SP,53,20,431688.77999999997,450,5.25,,,7261315.68,6873029.58,6873029.58,6794078.66
350030,2023,32072,Aguaí - SP,212,39,1443279.49,1818,69.66666666666667,24.0,24.0,25014512.17,23940505.4,23680054.29,23490310.38
350040,2023,7369,Águas da Prata - SP,52,13,340848.43,498,6.2727272727272725,,,7236525.0,7147653.92,7057134.58,6969043.88
350050,2023,17930,Águas de Lindóia - SP,84,11,870376.15,1166,47.333333333333336,42.0,30.0,23451992.91,14809288.09,14723972.06,14544264.74
350055,2023,7177,Águas de Santa Bárbara - SP,40,9,318023.18,521,10.0,,,10301274.0,10055011.99,9886490.07,9753829.43
350060,2023,2780,Águas de São Pedro - SP,24,4,172599.33000000002,245,5.416666666666667,,,10303778.29,6158492.21,6007423.03,5888326.88
350070,2023,37680,Agudos - SP,285,45,2048828.43,3405,35.916666666666664,54.0,38.0,49269793.79,48888240.71,47734176.3,47321339.35
350075,2023,6141,Alambari - SP,26,4,164477.63,328,10.0,,,5861058.19,5833653.78,5761686.24,5659848.34
350080,2023,4445,Alfredo Marcondes - SP,29,3,270479.48,384,5.7,,,4712874.0,4525800.85,4368572.91,4112345.04
350090,2023,3451,Altair - SP,35,9,158869.87,232,8.0,,,6102780.0,9883102.56,9883102.56,9883102.56
350100,2023,16818,Altinópolis - SP,112,25,956529.0700000001,1138,46.333333333333336,22.083333333333332,20.083333333333332,17197116.38,16728144.57,16530555.73,16361160.86
350110,2023,3841,Alto Alegre - SP,42,7,177615.13,240,8.0,22.0,19.0,8068965.0,8414762.81,8414762.81,8414762.81
350115,2023,17301,Alumínio - SP,71,12,618456.34,1191,16.0,120.0,0.0,26716984.0,25157164.69,23351367.64,22766857.53
350120,2023,3915,Álvares Florence - SP,35,8,268906.92,257,6.0,,,7598000.0,7044592.21,8360747.83,7454450.17
350130,2023,27255,Álvares Machado - SP,128,29,1146564.22,1700,24.0,18.833333333333332,16.833333333333332,15300550.0,15052299.54,14699185.59,14579950.04
350140,2023,4808,Álvaro de Carvalho - SP,40,11,282878.73,355,3.5833333333333335,,,4414540.45,4391889.64,4348736.5,4292368.4
350150,2023,2885,Alvinlândia - SP,27,7,317472.87,435,3.0,,,3602443.04,3422878.78,3308833.7,3308833.7
350160,2023,237240,Americana - SP,820,178,6311205.41,11923,1046.6666666666667,536.8333333333334,162.0,173246049.74,209206079.75,197639160.95,180796351.06
350170,2023,33019,Américo Brasiliense - SP,196,52,1232910.48,1918,34.416666666666664,267.6666666666667,267.6666666666667,37198232.76,35583348.23,33874170.13,32653173.53
350180,2023,5870,Américo de Campos - SP,68,6,500621.69,540,9.833333333333334,,,7743539.94,7301498.22,7300448.18,6856511.9
350190,2023,68008,Amparo - SP,422,73,2777098.44,4262,306.8333333333333,386.0,224.0,86443376.9,72050600.26,71270337.28,67137786.33
350200,2023,4589,Analândia - SP,15,2,98693.96,156,7.375,,,8142825.31,8005253.05,7837175.24,7731770.8
350210,2023,59783,Andradina - SP,490,148,2766985.52,4283,297.0,129.75,93.5,56200600.0,52893799.18,52759323.74,51948181.29
350220,2023,24022,Angatuba - SP,116,15,903714.23,1566,45.25,57.0,54.0,28967768.86,28055863.1,28043234.02,28043234.02
350230,2023,5674,Anhembi - SP,38,4,382330.85,508,8.916666666666666,,,12175100.0,12127810.35,12093567.26,11851707.08
350240,2023,4023,Anhumas - SP,24,4,185565.03,303,9.0,,,4528674.66,4331119.55,4184500.87,4076774.82
350250,2023,32569,Aparecida - SP,364,60,2585786.07,4064,46.0,101.0,78.0,20431500.14,19486313.47,18733668.98,18547572.55
350260,2023,4086,Aparecida d'Oeste - SP,63,13,587603.2,689,7.0,14.0,13.0,7439417.17,6707957.98,6707957.98,5861104.41
350270,2023,24585,Apiaí - SP,115,33,653480.23,1094,47.833333333333336,52.333333333333336,47.0,13983724.05,13485291.6,13361675.85,13086362.2
350275,2023,21522,Araçariguama - SP,73,18,527268.05,1031,21.0,,,37656471.51,37640660.15,37085562.5,31753058.84
350280,2023,200124,Araçatuba - SP,1190,269,10834721.27,13890,499.5,505.0,342.0,128715643.05,123773812.64,120339127.61,114875532.46
350290,2023,32443,Araçoiaba da Serra - SP,136,20,1234976.41,2399,37.083333333333336,330.0,45.0,24133304.73,20842259.55,19878045.02,19533561.86
350300,2023,5420,Aramina - SP,62,21,359765.72,515,11.666666666666666,,,8019796.28,7633816.47,7387487.75,7106466.36
350310,2023,6885,Arandu - SP,30,7,294237.74,362,5.555555555555555,6.0,6.0,9149090.0,8866957.76,8798587.51,8671477.81
350315,2023,2330,Arapeí - SP,16,4,102062.27,149,3.0,,,5812171.8,5665958.88,5662100.4,5652692.93
350320,2023,242228,Araraquara - SP,1193,239,8929786.08,12988,879.1666666666666,594.5,310.0833333333333,294590058.16,293254505.69,289609913.3,260970227.41
350330,2023,130866,Araras - SP,715,95,5568135.88,8366,339.5,482.9166666666667,214.66666666666666,83317008.0,94427048.11,94355164.55,86330699.93
350335,2023,2044,Arco-Íris - SP,32,11,200305.04,367,2.0,,,4751350.0,4264183.51,4155096.85,4155096.85
350340,2023,8130,Arealva - SP,66,14,363193.14,581,13.583333333333334,32.0,15.0,7505645.96,7359936.66,7242918.82,7174399.73
350350,2023,3577,Areias - SP,37,8,278046.06,423,5.0,,,4753234.45,4724188.28,4703721.77,4453151.82
350360,2023,10130,Areiópolis - SP,52,7,546248.99,656,13.909090909090908,,,8661458.28,7890692.87,7887542.87,7524331.38
350370,2023,7602,Ariranha - SP,51,9,330760.13,412,15.083333333333334,,,12398385.57,11362144.6,10779314.39,10482735.19
350380,2023,51456,Artur Nogueira - SP,162,25,1808764.25,2463,90.16666666666667,12.0,12.0,42090626.7,39124467.04,38854355.27,38540391.15
350390,2023,86678,Arujá - SP,322,37,2466904.04,3755,71.58333333333333,33.0,33.0,104548883.43,99363249.5,97649215.33,97332742.93
350395,2023,1842,Aspásia - SP,26,6,220008.19,237,2.0,,,3968361.94,3871717.88,3848885.34,3838662.41
350400,2023,101409,Assis - SP,1209,331,7470296.78,11145,511.25,337.0,193.0,71399171.63,63582199.08,62588437.62,62167071.27
350410,2023,158647,Atibaia - SP,568,74,5500578.73,7801,417.9166666666667,271.5,66.0,161056322.85,158836831.75,158047905.34,155205919.84
350420,2023,13692,Auriflama - SP,63,7,511254.49,645,31.5,44.0,35.0,16451983.87,14960151.56,14427822.1,14380791.53
350430,2023,4483,Avaí - SP,35,9,288722.43,540,3.3333333333333335,,,7000112.64,6462956.88,6462956.88,6351866.33
350440,2023,11263,Avanhandava - SP,116,27,790251.9,1178,18.833333333333332,,,11304400.0,10898680.77,10620680.77,10520664.8
350450,2023,92805,Avaré - SP,623,142,6169120.03,8258,291.5833333333333,204.5,157.5,84557919.29,79395752.17,74372782.05,70395127.57
350460,2023,27260,Bady Bassitt - SP,309,83,3009067.99,3163,15.333333333333334,,,27876000.0,25074542.79,24575796.23,23688270.49
350470,2023,3887,Balbinos - SP,13,2,81319.62,256,4.875,,,5292410.0,5203028.9,5203028.9,5093818.93
350480,2023,9596,Bálsamo - SP,147,37,1633270.53,1357,7.666666666666667,,,9371800.41,9370415.06,9286722.08,8694922.8
350490,2023,9969,Bananal - SP,57,10,479141.01,722,14.909090909090908,15.0,15.0,9632425.45,8940162.02,8929169.24,8765952.36
350500,2023,3531,Barão de Antonina - SP,9,2,76401.42,98,4.0,,,6523700.0,6368967.92,6348765.55,6278942.22
350510,2023,5640,Barbosa - SP,67,21,316668.06,502,3.0,,,8124546.0,7692793.04,7630336.57,7495382.79
350520,2023,31595,Bariri - SP,191,34,1628271.04,2301,90.41666666666667,65.0,52.0,30998241.59,30138108.76,29781024.59,29663886.46
350530,2023,34346,Barra Bonita - SP,181,39,1464014.47,2020,104.66666666666667,68.0,41.75,36024031.0,34802247.94,32713136.57,32428668.69
350535,2023,5179,Barra do Chapéu - SP,22,4,169605.76,275,6.5,,,6637352.53,6210708.0,5971395.39,5776947.02
350540,2023,6876,Barra do Turvo - SP,38,9,401151.27,901,8.0,,,9491000.0,9309277.33,9239808.37,8791137.04
350550,2023,122485,Barretos - SP,1281,287,10204205.57,12826,347.0833333333333,612.0,497.0,101879881.01,99403294.26,97453978.61,95602605.0
350560,2023,32092,Barrinha - SP,182,25,1527334.86,1980,42.25,,,24938960.52,24713933.47,24670554.47,24521215.02
350570,2023,316473,Barueri - SP,1891,260,15813621.21,26504,489.1666666666667,618.3333333333334,506.0,1106809100.0,1088193677.24,1069534822.99,1066037234.74
350580,2023,21503,Bastos - SP,243,54,1602107.95,2554,38.25,30.0,23.0,25986021.5,22290886.13,21514170.27,21077252.87
350590,2023,58402,Batatais - SP,609,106,4577627.46,6257,296.3333333333333,141.0,108.0,46831533.37,43730489.75,42691660.63,42061209.59
350600,2023,379146,Bauru - SP,2578,452,17705635.02,32639,950.8333333333334,1587.8333333333333,864.0833333333334,245104074.71,228156413.13,223626036.38,213238497.98
350610,2023,76373,Bebedouro - SP,308,35,3243663.47,3154,348.6666666666667,192.0,126.83333333333333,46995178.94,80520233.95,79119150.55,72356130.02
350620,2023,2606,Bento de Abreu - SP,9,3,156006.40000000002,188,3.0,,,7112100.0,6770610.68,6770610.68,6680609.71
350630,2023,11607,Bernardino de Campos - SP,102,19,721258.33,951,20.0,24.666666666666668,24.666666666666668,12474576.35,12069474.58,11849800.72,11619796.66
350635,2023,64188,Bertioga - SP,257,41,2282213.5,3760,86.75,49.0,49.0,108342173.89,101402649.14,99396601.15,98249335.29
350640,2023,7319,Bilac - SP,25,5,189752.21,191,12.454545454545455,36.0,35.0,8764277.0,8063022.25,8043447.06,7948821.94
350650,2023,118979,Birigui - SP,685,163,5201621.7700000005,7823,273.8333333333333,163.91666666666666,76.0,97636973.83,97405482.22,94551467.37,82157085.28
350660,2023,29683,Biritiba Mirim - SP,173,25,1339008.35,2232,23.083333333333332,8.5,8.5,17308100.96,16833076.83,16508261.24,16317941.56
350670,2023,12978,Boa Esperança do Sul - SP,83,19,743872.55,862,20.083333333333332,16.0,15.0,14879503.95,14545051.51,14317641.54,14030102.55
350680,2023,11259,Bocaina - SP,82,16,660194.55,1012,21.583333333333332,18.0,18.0,11644627.0,10898145.12,10809055.26,10133031.71
350690,2023,10460,Bofete - SP,61,8,606005.46,716,9.416666666666666,,,13562984.17,12352327.6,11493248.19,11214659.22
350700,2023,61081,Boituva - SP,214,32,1982280.29,3672,131.83333333333334,54.0,39.0,59015713.65,58875223.13,56441891.79,55948523.73
350710,2023,22006,Bom Jesus dos Perdões - SP,116,17,943695.69,1148,21.833333333333332,13.0,13.0,27441991.22,25979967.3,24500367.57,24205970.08
350715,2023,3555,Bom Sucesso de Itararé - SP,20,5,100027.74,182,6.818181818181818,,,6374169.7,5973187.01,5958224.14,5920353.48
350720,2023,907,Borá - SP,9,2,71459.41,93,2.0,,,4892288.15,4639258.46,4567775.94,4513793.32
350730,2023,4715,Boracéia - SP,38,5,202918.84,322,5.6,,,9398000.0,7761171.26,7746100.26,7746100.26
350740,2023,14226,Borborema - SP,109,24,808758.27,840,38.166666666666664,26.0,16.0,19656037.56,18236682.44,16852440.02,16811997.05
350745,2023,2713,Borebi - SP,23,5,127661.03,240,4.0,,,6409007.41,5435906.44,5337880.46,5212436.03
350750,2023,145155,Botucatu - SP,824,125,8223035.74,9062,748.1666666666666,935.0,605.0,107487797.92,105777977.52,104388174.24,103980800.32
350760,2023,176811,Bragança Paulista - SP,915,104,7113788.55,9764,482.5833333333333,458.0,251.0,117271827.23,137524932.99,132598202.85,127364383.24
350770,2023,5356,Braúna - SP,53,15,347233.58999999997,410,3.5,,,7168908.0,6984880.77,6984880.77,6945430.18
350775,2023,2565,Brejo Alegre - SP,20,4,235420.16,160,4.0,,,6037063.61,5631502.25,5544392.94,5510681.15
350780,2023,25201,Brodowski - SP,201,32,1533308.01,1943,57.0,,,21902543.59,21229435.57,20896987.1,18104010.27
350790,2023,23898,Brotas - SP,156,33,1176239.75,1681,80.33333333333333,42.0,36.0,34124895.02,32873543.99,31189316.59,30301127.63
350800,2023,20250,Buri - SP,125,17,1120264.98,1764,22.333333333333332,,,21710800.0,20008332.16,19742887.18,19570605.2
350810,2023,17210,Buritama - SP,92,15,775779.73,1044,29.833333333333332,42.0,27.0,21460148.0,19892008.36,19695690.56,19652469.16
350820,2023,4356,Buritizal - SP,35,4,182862.79,282,6.0,,,10216700.0,9589519.88,9410205.06,9130096.68
350830,2023,4299,Cabrália Paulista - SP,45,5,341131.75,583,4.0,,,7160045.63,6486390.18,6486390.18,6486390.18
350840,2023,47011,Cabreúva - SP,256,44,1520659.21,2433,44.25,65.83333333333333,14.5,76622051.91,67580615.31,66597400.97,65495805.45
350850,2023,96202,Caçapava - SP,641,149,4377810.13,7060,344.0833333333333,216.25,92.25,78744969.32,71943637.48,69506741.65,66397435.82
350860,2023,31564,Cachoeira Paulista - SP,322,66,2085194.6199999999,3342,77.41666666666667,32.0,32.0,20792906.0,20789840.47,20209186.71,18841196.19
350870,2023,17101,Caconde - SP,95,19,601886.9,778,44.75,51.0,51.0,10242100.0,10120715.95,10036524.32,10036524.32
350880,2023,16654,Cafelândia - SP,102,22,753204.63,1087,45.583333333333336,46.5,35.5,19349607.65,18476899.22,18247110.43,17314894.45
350890,2023,3712,Caiabu - SP,19,3,137526.01,225,5.0,,,4468832.55,4366946.12,4335727.62,4270467.3
350900,2023,95032,Caieiras - SP,340,57,3062247.12,5061,96.33333333333333,152.91666666666666,86.0,70104058.41,68282205.18,62800427.54,62195256.84
350910,2023,5466,Caiuá - SP,27,6,254210.09,332,7.0,,,6211000.0,6132332.63,6049825.76,5668294.68
350920,2023,92689,Cajamar - SP,262,37,2421359.17,3540,107.33333333333333,151.0,41.0,151956694.0,148728011.43,146156438.18,143447798.11
350925,2023,28515,Cajati - SP,182,47,1120518.59,1958,45.166666666666664,,,39913300.0,33099779.81,32340113.2,31843091.95
350930,2023,9133,Cajobi - SP,92,17,704572.83,974,11.75,32.0,21.0,9535000.0,8842780.62,8828376.42,8695039.57
350940,2023,23830,Cajuru - SP,134,18,1246715.71,1538,78.83333333333333,140.0,55.0,23783536.85,23057487.28,22447269.33,21698266.85
350945,2023,5954,Campina do Monte Alegre - SP,49,4,378209.15,448,5.0,,,6374419.14,5750267.03,5171573.69,5016848.69
350950,2023,1139047,Campinas - SP,6865,1183,61805534.41,98934,2636.9166666666665,3571.5833333333335,1705.5,1339724775.0,1310609622.96,1288269234.71,1250088521.12
350960,2023,77632,Campo Limpo Paulista - SP,722,206,4496105.51,6929,49.25,66.0,66.0,78735038.02,61383212.64,58448289.68,57354316.74
350970,2023,46974,Campos do Jordão - SP,246,36,2413749.5100000002,3208,94.33333333333333,195.0,185.0,54753875.21,51635788.3,50641047.91,50316650.53
350980,2023,4888,Campos Novos Paulista - SP,30,5,298577.38,314,5.0,,,7462141.0,7267425.73,7190166.25,7158241.81
350990,2023,12289,Cananéia - SP,102,28,743155.3,1284,9.0,,,5721000.0,12505366.48,12271574.18,11365671.42
350995,2023,4931,Canas - SP,67,24,485680.81,614,3.4166666666666665,,,5473628.21,4960615.43,4908718.13,4840436.12
351000,2023,29449,Cândido Mota - SP,199,36,1397649.14,1802,84.33333333333333,30.0,25.0,8153540.81,19381626.09,19345377.45,19334705.68
351010,2023,2889,Cândido Rodrigues - SP,15,5,112688.04000000001,138,2.0,,,5606898.0,5277774.74,5277774.74,5131961.39
351015,2023,6283,Canitar - SP,50,8,346776.47,516,4.833333333333333,,,5550365.78,5167698.69,5121768.06,5029995.72
351020,2023,46337,Capão Bonito - SP,251,52,1642601.22,2674,56.083333333333336,63.0,55.0,35371500.0,33455238.37,32701769.16,32258556.04
351030,2023,22866,Capela do Alto - SP,94,18,728801.23,1522,19.166666666666668,59.0,14.0,15519710.0,14966500.89,14232534.22,13963768.59
351040,2023,50068,Capivari - SP,345,84,2301106.58,3513,143.66666666666666,121.0,68.0,38030658.26,37813417.56,37696689.36,36792490.76
351050,2023,134873,Caraguatatuba - SP,1417,453,8073942.0,15966,246.58333333333334,399.0,329.0,199237350.18,195967910.04,195220728.92,188512249.71
351060,2023,386984,Carapicuíba - SP,2186,396,18108938.54,32877,136.16666666666666,332.0,275.0,126246184.1,120186783.89,119240436.69,118302881.28
351070,2023,11345,Cardoso - SP,117,9,1070255.3900000001,1095,22.25,31.0,10.0,11965139.95,11934802.48,11694599.86,10800988.7
351080,2023,28083,Casa Branca - SP,86,11,587829.45,778,92.25,406.0,398.0,26371060.0,25666282.6,25663642.6,25355461.21
351090,2023,2799,Cássia dos Coqueiros - SP,31,3,274717.58999999997,345,5.0,,,4605174.73,4578502.0,4390148.5,4353826.73
351100,2023,19977,Castilho - SP,152,40,853906.57,1225,35.333333333333336,31.0,30.0,35372237.71,34464868.66,34309881.8,34307547.31
351110,2023,115791,Catanduva - SP,797,145,6536955.56,8326,605.6666666666666,685.25,421.0,75391207.42,67265013.52,66747524.94,64845813.76
351120,2023,7003,Catiguá - SP,53,15,410133.0,464,15.090909090909092,,,8485151.39,7822967.94,7822345.5,7633363.78
351130,2023,12618,Cedral - SP,126,39,1118242.49,1119,17.583333333333332,60.0,0.0,14936545.66,14539202.4,13772702.77,13552865.09
351140,2023,21469,Cerqueira César - SP,130,14,1346328.6199999999,1495,35.75,39.25,34.583333333333336,20426328.73,19580616.47,19550147.06,19298115.88
351150,2023,44695,Cerquilho - SP,134,16,1152082.07,1755,143.25,40.0,27.0,42451000.0,39991761.09,39986343.73,39986343.73
351160,2023,19048,Cesário Lange - SP,57,2,358257.14,718,20.583333333333332,27.0,23.0,20486155.3,20060782.22,19772405.56,19772405.56
351170,2023,15535,Charqueada - SP,107,34,847544.0,938,23.416666666666668,33.0,26.0,14858345.6,13324835.98,12567683.0,11913063.74
351190,2023,6982,Clementina - SP,43,10,357410.05,500,11.9,24.0,21.0,7933321.0,7576931.73,7552888.87,7552888.87
351200,2023,18486,Colina - SP,274,88,1399475.93,2302,46.916666666666664,64.0,51.0,28323687.92,27882317.43,27454281.71,26749262.18
351210,2023,6629,Colômbia - SP,67,17,635636.01,912,12.166666666666666,20.0,20.0,16083342.87,15224401.42,14850194.9,14327262.14
351220,2023,28101,Conchal - SP,125,20,1096667.14,1628,42.833333333333336,52.0,40.0,24114377.16,21614195.31,21614195.31,21579234.36
351230,2023,15232,Conchas - SP,93,12,1050815.93,1261,44.45454545454545,15.0,14.0,16400981.65,16126208.05,16063376.2,15728196.76
351240,2023,24514,Cordeirópolis - SP,97,15,974642.57,1183,52.25,,,50747369.14,37953401.63,40011563.6,35954665.05
351250,2023,5400,Coroados - SP,46,17,325183.89,525,2.0,,,7702600.0,7383678.45,7326678.45,6838951.82
351260,2023,4280,Coronel Macedo - SP,17,1,185398.35,206,5.333333333333333,2.0,2.0,6171220.23,6008488.61,5999022.38,5999022.38
351270,2023,4195,Corumbataí - SP,13,3,104827.2,120,5.0,2.0,2.0,7058098.08,6864602.39,6735587.49,6729361.99
351280,2023,59773,Cosmópolis - SP,345,110,2956897.07,4438,81.66666666666667,81.0,43.0,43458837.34,43023917.83,42068800.05,41523615.56
351290,2023,8719,Cosmorama - SP,69,11,647396.34,752,6.0,,,8859010.35,8506257.45,8502712.89,8339569.14
351300,2023,274413,Cotia - SP,1305,193,10463830.22,16981,221.0,646.3333333333334,167.58333333333334,161625222.34,160401865.59,153614804.79,128665782.4
351310,2023,33281,Cravinhos - SP,212,35,1886438.33,2122,103.41666666666667,15.0,13.0,34979580.76,30712980.0,30469207.58,30391463.25
351320,2023,9272,Cristais Paulista - SP,39,6,400138.09,461,13.545454545454545,,,8811400.0,8667104.97,8618728.66,8528448.35
351330,2023,2108,Cruzália - SP,15,2,130072.22,130,3.0,,,5151545.31,4735682.06,4553673.51,4515813.85
351340,2023,74961,Cruzeiro - SP,836,216,5364595.63,9301,311.5833333333333,141.0,101.0,66472943.3,64924503.23,64745407.28,59501298.91
351350,2023,112476,Cubatão - SP,691,171,4906858.23,9780,175.16666666666666,119.25,118.91666666666667,215194071.26,194709354.21,184901209.15,177050584.97
351360,2023,22110,Cunha - SP,140,29,1003767.5599999999,1736,22.75,40.0,25.0,12489420.0,12322287.26,12281310.41,12272334.58
351370,2023,31756,Descalvado - SP,217,39,1356698.06,1729,128.41666666666666,40.0,29.083333333333332,36106129.94,35072511.89,34704769.3,34379396.15
351380,2023,393237,Diadema - SP,2283,381,20565631.28,39455,207.91666666666666,749.25,685.9166666666666,411918738.34,402674586.56,374217570.99,361858622.34
351385,2023,1620,Dirce Reis - SP,21,3,192413.55,158,3.0,,,4063620.0,3301226.71,3265642.61,3253683.81
351390,2023,11158,Divinolândia - SP,71,9,593281.04,723,20.916666666666668,186.0,186.0,9375516.99,8828889.52,8487398.79,8405797.91
351400,2023,8759,Dobrada - SP,57,14,380595.31,641,11.166666666666666,,,6326000.0,6162553.04,6149101.16,5992141.3
351410,2023,24510,Dois Córregos - SP,137,18,1128162.37,1651,49.333333333333336,67.0,47.0,23272263.41,21903825.19,21524480.92,20562397.53
351420,2023,2207,Dolcinópolis - SP,24,3,186832.0,234,3.0,,,3445700.0,3238991.62,3369349.0,3342498.2
351430,2023,8096,Dourado - SP,88,19,596532.25,739,18.0,18.166666666666668,18.166666666666668,16002284.69,12734149.54,12534812.5,11811326.92
351440,2023,45474,Dracena - SP,474,148,3323197.14,4888,249.41666666666666,169.41666666666666,134.41666666666666,37166950.0,31469122.59,31361883.63,31187846.8
351450,2023,12328,Duartina - SP,105,15,937865.59,1372,48.833333333333336,87.0,77.0,10499977.42,10244904.09,10229269.72,10047597.94
351460,2023,9471,Dumont - SP,54,9,476108.33,539,5.0,,,8220370.0,7586341.52,7294807.61,7259177.12
351470,2023,6205,Echaporã - SP,66,24,682165.15,785,6.0,,,7338566.41,7319960.06,6963441.11,6947719.69
351480,2023,13069,Eldorado - SP,96,27,497583.95999999996,876,17.5,2.0,2.0,13604637.95,13431669.23,12900372.78,12513048.83
351490,2023,17699,Elias Fausto - SP,133,23,1113045.38,1405,14.833333333333334,6.0,6.0,19898738.0,19357285.17,18931539.69,18721198.53
351492,2023,3138,Elisiário - SP,23,6,180142.51,156,4.0,,,4024700.0,3485594.91,3470999.91,3469341.69
351495,2023,2323,Embaúba - SP,15,5,72587.55,90,4.375,,,5038619.29,4956133.01,4956133.01,4956133.01
351500,2023,250691,Embu das Artes - SP,1564,276,14827193.18,23150,163.66666666666666,320.5833333333333,105.58333333333333,171690740.32,170686324.71,168723482.43,163534999.2
351510,2023,66970,Embu-Guaçu - SP,316,65,2987055.31,4933,44.25,15.0,15.0,42381599.84,42363529.19,42363529.19,40617062.07
351512,2023,3014,Emilianópolis - SP,21,5,198421.97999999998,275,4.3,,,5584543.3,5550397.73,5453673.81,5404487.86
351515,2023,19566,Engenheiro Coelho - SP,126,18,1311804.41,1555,41.666666666666664,,,20196756.66,19546382.83,19169983.58,18138178.67
351518,2023,39816,Espírito Santo do Pinhal - SP,390,105,2421929.58,3700,172.5,427.9166666666667,348.9166666666667,45178491.53,43732666.49,42055360.86,41516498.27
351519,2023,4157,Espírito Santo do Turvo - SP,34,2,294958.55,357,5.0,,,7222540.58,7078498.66,7023970.76,6968719.37
351520,2023,9417,Estrela d'Oeste - SP,87,15,720578.96,864,28.0,49.833333333333336,43.833333333333336,11717912.13,10956697.38,10628735.47,10549773.48
351530,2023,2703,Estrela do Norte - SP,12,2,52882.59,117,2.0,,,3527701.74,3204247.12,3068563.05,2937364.04
351535,2023,7924,Euclides da Cunha Paulista - SP,26,3,279876.0,246,15.88888888888889,,,5921032.14,5361221.21,5357555.45,5272643.73
351540,2023,16641,Fartura - SP,60,5,644908.85,725,35.63636363636363,20.0,12.0,18180589.69,17246530.33,16892663.88,16142018.45
351550,2023,71186,Fernandópolis - SP,808,145,5815681.72,7581,478.5,145.0,93.0,53812966.88,50191404.29,49758721.75,48390599.81
351560,2023,5942,Fernando Prestes - SP,39,5,364384.65,400,9.0,,,9392044.65,9174898.78,8920784.6,8852884.58
351565,2023,1656,Fernão - SP,13,3,149703.88,148,3.0,,,5468600.0,5024745.79,5024745.79,5024745.79
351570,2023,179198,Ferraz de Vasconcelos - SP,700,92,6277412.87,8568,67.33333333333333,266.0,236.0,57886634.24,53423829.45,52140566.94,51970170.41
351580,2023,1487,Flora Rica - SP,15,4,70089.94,127,3.0,,,3530800.0,3494519.95,3472086.11,3443239.41
351590,2023,2733,Floreal - SP,29,2,314936.13,261,3.0,,,4861982.99,4837718.8,4837718.8,4837718.8
351600,2023,12958,Flórida Paulista - SP,87,14,768458.87,1155,18.25,47.0,30.0,12156804.0,9609290.0,9440715.34,10463633.87
351610,2023,3851,Florínea - SP,35,5,187693.79,292,7.0,,,5552666.0,4736208.72,4609051.42,4249729.97
351620,2023,352536,Franca - SP,2078,524,19080584.55,22325,342.4166666666667,655.5,451.0,246491930.6,243781713.44,232806606.29,217676730.07
351630,2023,165139,Francisco Morato - SP,873,180,7123213.05,12821,83.58333333333333,235.0,215.0,46511327.76,45141389.59,44504546.56,44369592.81
351640,2023,144849,Franco da Rocha - SP,669,129,5404402.28,9432,119.83333333333333,499.3333333333333,413.0,93185041.43,86860395.06,74800777.05,68599964.52
351650,2023,2763,Gabriel Monteiro - SP,17,2,141309.24,176,3.0,,,5494810.0,5443078.11,5443078.11,5384967.37
351660,2023,6380,Gália - SP,71,8,581332.37,914,12.916666666666666,45.0,27.0,7712744.91,6506078.66,6438781.02,6379283.41
351670,2023,42110,Garça - SP,500,151,3501947.25,5578,80.08333333333333,280.0,251.0,33507101.35,33343790.61,33125876.58,31191406.01
351680,2023,3252,Gastão Vidigal - SP,24,9,206133.77,184,2.0,,,4477500.0,4075836.1,4070836.1,4066649.3
351685,2023,4702,Gavião Peixoto - SP,19,1,167256.19,215,9.375,,,18184600.0,16637733.82,13953406.35,13746787.46
351690,2023,10312,General Salgado - SP,100,13,1033183.77,1025,21.0,28.0,19.0,10628293.25,10927244.96,10925284.96,10599666.13
351700,2023,10232,Getulina - SP,69,14,457988.62,600,18.5,38.0,36.0,9437972.0,8980500.6,8610786.42,8452081.01
351710,2023,4138,Glicério - SP,36,11,128488.12,205,3.0,,,7583955.44,7110469.08,6077350.75,5981032.82
351720,2023,11239,Guaiçara - SP,126,32,821858.26,1387,14.833333333333334,,,10119660.0,9880858.83,9880858.83,9787470.62
351730,2023,5512,Guaimbê - SP,48,10,448138.47,487,6.0,,,5688592.53,5648319.16,5505996.13,5421688.78
351740,2023,39279,Guaíra - SP,230,38,2135551.69,2419,92.33333333333333,81.0,53.833333333333336,38840708.76,37546588.59,37236288.56,36936648.86
351750,2023,21711,Guapiaçu - SP,288,81,2929494.44,2820,23.083333333333332,,,24313414.34,24058244.71,23689709.49,22669640.69
351760,2023,17071,Guapiara - SP,99,16,589924.73,973,20.0,,,14584305.38,14581305.38,14581305.38,14581305.38
351770,2023,18606,Guará - SP,126,24,860574.66,965,59.25,60.0,52.0,16921981.46,16378258.29,16367688.29,16075224.3
351780,2023,7441,Guaraçaí - SP,60,15,307245.92,406,13.0,23.0,15.0,9868345.9,9689494.31,9501257.08,8999220.41
351790,2023,10350,Guaraci - SP,99,30,529029.26,863,19.0,,,14328834.0,13049341.25,13040534.85,12865013.5
351800,2023,1968,Guarani d'Oeste - SP,32,10,310252.9,402,3.5,,,3603550.0,3549353.36,3549353.36,3367800.52
351810,2023,6427,Guarantã - SP,51,8,622202.86,740,6.0,,,8325546.56,7917869.76,7548194.78,7474444.01
351820,2023,31043,Guararapes - SP,162,38,1402038.3,1861,75.25,74.0,48.0,39205210.2,37329622.33,35987241.04,34933337.96
351830,2023,31236,Guararema - SP,152,25,1079807.68,1805,22.166666666666668,31.0,29.0,46926074.42,42289455.16,40900663.81,40615618.67
351840,2023,118044,Guaratinguetá - SP,1250,413,7243452.15,12876,455.4166666666667,387.1666666666667,219.66666666666666,106379388.55,105609497.35,99332187.8,97792649.31
351850,2023,15013,Guareí - SP,63,9,372993.77999999997,819,17.166666666666668,,,14526456.79,14513409.52,14510981.52,13909031.84
351860,2023,37498,Guariba - SP,197,24,1833735.61,2121,55.833333333333336,63.083333333333336,55.5,33211242.3,32458797.17,31102489.73,31077384.62
351870,2023,287634,Guarujá - SP,2092,512,16703338.94,29395,410.5833333333333,556.0,382.0,334212048.66,334156860.98,331260632.16,320934763.16
351880,2023,1291771,Guarulhos - SP,6533,1527,49581554.69,85063,941.1666666666666,2258.4166666666665,1624.0,938706950.0,919168030.95,890976214.53,874593053.66
351885,2023,7320,Guatapará - SP,50,7,448837.48,450,10.5,,,11087000.0,10503933.77,10288505.44,10277568.37
351890,2023,4246,Guzolândia - SP,26,2,209056.88,219,3.0,,,7557800.0,6783341.0,6783341.0,6783341.0
351900,2023,9125,Herculândia - SP,116,25,734355.31,1371,16.0,58.0,58.0,10547270.0,9706294.52,9653509.8,9515263.29
351905,2023,15094,Holambra - SP,104,11,1213428.65,1450,31.416666666666668,,,26147984.9,25653043.62,25441822.23,25384761.98
351907,2023,236641,Hortolândia - SP,1007,212,9312562.76,14053,203.0,130.08333333333334,98.08333333333333,206576700.0,200729786.77,189681625.15,188137012.56
351910,2023,10437,Iacanga - SP,93,19,566220.95,1023,19.25,30.0,28.0,15097531.33,15057055.35,15046553.56,14915827.86
351920,2023,6131,Iacri - SP,109,24,687095.1,1173,7.0,,,7779933.49,6939639.38,6939639.38,6863891.03
351925,2023,8010,Iaras - SP,40,10,477790.52,544,8.454545454545455,,,9954029.81,9756761.41,9756761.41,9392608.87
351930,2023,32178,Ibaté - SP,282,67,1670066.72,2557,55.083333333333336,37.75,27.0,22855166.99,22491795.29,22207042.78,21926873.22
351940,2023,11690,Ibirá - SP,136,40,1474371.35,1457,21.416666666666668,27.0,9.0,9863068.09,9752921.19,9676486.7,9274392.13
351950,2023,6385,Ibirarema - SP,63,19,367916.01,545,7.0,,,6562525.47,6561549.47,6561549.47,6537646.24
351960,2023,60033,Ibitinga - SP,664,217,3524338.15,5141,167.16666666666666,114.0,58.0,35437966.2,33365640.39,31370992.69,30887468.43
351970,2023,75605,Ibiúna - SP,303,47,2592081.26,3977,58.833333333333336,246.75,70.0,85875577.29,84829425.58,84283848.45,78191993.89
351980,2023,7819,Icém - SP,101,29,958316.31,1004,20.75,,,13305400.0,12676221.51,12409477.84,12167280.46
351990,2023,7619,Iepê - SP,72,16,539415.0599999999,803,25.583333333333332,18.0,18.0,9890800.0,9172289.69,9086429.18,8908867.81
352000,2023,23106,Igaraçu do Tietê - SP,138,22,1171071.32,1786,15.416666666666666,,,15505188.96,15131263.69,14997817.24,14935093.49
352010,2023,26212,Igarapava - SP,124,26,1015659.99,1188,72.91666666666667,44.0,35.5,24426208.06,24131542.0,23833719.33,23510647.32
352020,2023,10605,Igaratá - SP,157,29,963883.73,1795,8.833333333333334,8.0,8.0,10072294.72,9667092.09,9666182.09,8837211.78
352030,2023,29115,Iguape - SP,207,44,1394132.76,2394,30.0,9.0,9.0,22954717.0,22220649.63,22215991.57,21955095.16
352040,2023,34934,Ilhabela - SP,352,80,1887699.95,3244,39.916666666666664,47.0,47.0,40457782.75,35970320.32,35970320.32,35970320.32
352042,2023,13419,Ilha Comprida - SP,116,33,618265.35,1199,13.25,,,25589000.0,20752551.51,18016098.41,19110742.79
352044,2023,25549,Ilha Solteira - SP,257,91,1293662.79,1928,124.33333333333333,123.0,85.0,40830575.83,41890919.85,41490028.81,40078520.24
352050,2023,255748,Indaiatuba - SP,1721,331,11228743.77,21142,339.8333333333333,488.4166666666667,284.25,317059618.0,290897564.67,275901511.17,273834453.4
352060,2023,5090,Indiana - SP,23,2,159906.32,271,9.0,,,6365822.06,6036732.49,6031367.49,5853362.26
352070,2023,4035,Indiaporã - SP,70,10,493594.77,566,6.5,36.0,4.0,6286102.59,5994291.09,6065928.83,5913525.15
352080,2023,3615,Inúbia Paulista - SP,33,4,260562.11000000002,330,2.0,,,3771548.61,3339438.8,3333845.3,3281919.06
352090,2023,13712,Ipaussu - SP,102,18,816718.61,1128,19.75,49.0,32.166666666666664,12310896.24,12020903.16,11805793.65,11749335.33
352100,2023,36459,Iperó - SP,114,16,902097.23,1622,31.0,15.0,15.0,32391192.1,31702884.66,31024623.42,30214874.98
352110,2023,6831,Ipeúna - SP,35,5,204220.0,311,8.1,1.0,0.0,12777367.75,11854804.38,11558186.47,11519263.28
352115,2023,6761,Ipiguá - SP,74,15,765584.82,730,3.0,,,8342961.36,8016211.37,8016211.37,7989887.47
352120,2023,4046,Iporanga - SP,20,8,80287.28,171,5.0,,,7649000.0,6644942.93,5912675.77,5807107.56
352130,2023,14454,Ipuã - SP,61,17,502752.34,571,60.833333333333336,50.0,43.0,17648800.0,17055996.27,16618210.05,16128570.8
352140,2023,21967,Iracemápolis - SP,91,14,779507.06,866,29.166666666666668,3.0,3.0,30478502.35,17250900.19,17193600.86,15942178.94
352150,2023,6867,Irapuã - SP,51,12,515292.06,570,11.0,,,9421603.83,10366875.21,9806743.73,9608476.94
352160,2023,7085,Irapuru - SP,63,22,447299.32,545,8.666666666666666,,,6653086.0,5364503.53,5321664.12,5209220.56
352170,2023,17983,Itaberá - SP,101,17,720366.8,1036,26.166666666666668,19.0,19.0,19300235.0,18814265.55,18499493.37,18479651.97
352180,2023,25180,Itaí - SP,132,17,1411719.45,1586,24.083333333333332,33.333333333333336,33.166666666666664,32452739.56,30344212.74,29977937.5,29959455.21
352190,2023,16989,Itajobi - SP,127,37,1217434.6199999999,1358,32.25,50.0,35.0,22491538.12,20221315.73,20175862.24,20164481.28
352200,2023,3618,Itaju - SP,30,5,231735.68,367,2.0,,,6189362.45,5450834.48,5450834.48,5450834.48
352210,2023,112476,Itanhaém - SP,994,243,5967650.94,12371,98.41666666666667,182.0,173.5,95697182.0,94730282.04,94581070.68,82536657.05
352215,2023,3422,Itaoca - SP,15,1,65044.399999999994,129,4.0,,,4618025.2,4550970.25,4427662.73,4427662.73
352220,2023,158522,Itapecerica da Serra - SP,979,165,7909618.97,13196,84.33333333333333,702.9166666666666,245.0,87359372.72,87356317.9,87309431.2,84486579.4
352230,2023,157790,Itapetininga - SP,870,161,6239805.78,12176,453.8333333333333,213.75,160.5,149247136.0,140904210.43,139996860.31,138598529.16
352240,2023,89728,Itapeva - SP,736,145,4897689.07,8168,321.5,182.0,134.0,89948578.53,87133170.76,82258932.34,81430588.95
352250,2023,232297,Itapevi - SP,1146,149,11262004.72,20129,124.91666666666667,459.3333333333333,260.0,204789916.67,202089902.42,193958346.31,191601841.77
352260,2023,72022,Itapira - SP,493,86,4296276.24,6718,161.16666666666666,952.0,561.4166666666666,53749000.0,55311737.7,55175171.22,54659100.06
352265,2023,4306,Itapirapuã Paulista - SP,13,1,108444.54000000001,165,7.0,,,5993515.56,5708783.22,5689533.77,5452663.16
352270,2023,39493,Itápolis - SP,543,162,2881856.84,4059,104.25,90.0,64.0,36272695.0,36150083.36,35573873.23,34932888.61
352280,2023,14085,Itaporanga - SP,66,9,841678.2,934,21.166666666666668,42.0,30.0,19615522.72,15339590.55,14998292.56,14828351.29
352290,2023,13659,Itapuí - SP,106,18,777558.55,1120,15.416666666666666,32.083333333333336,32.083333333333336,18555400.0,15942328.54,15942328.54,15942328.54
352300,2023,3979,Itapura - SP,34,14,117751.17,236,5.0,,,5642370.84,4981295.11,4940543.0,4876800.51
352310,2023,369275,Itaquaquecetuba - SP,1419,199,12816203.89,19621,106.66666666666667,298.3333333333333,289.8333333333333,155603418.37,155019485.06,151581262.44,143679040.84
352320,2023,44438,Itararé - SP,173,25,1195059.54,1840,87.75,80.0,53.0,29671876.75,29126272.33,28681124.27,28163035.55
352330,2023,15528,Itariri - SP,110,22,586051.75,1283,12.0,,,18317947.53,16276164.09,16235554.23,15816259.77
352340,2023,121590,Itatiba - SP,714,145,3783126.4,5876,221.16666666666666,148.0,75.0,93251998.54,91296875.43,87017952.39,83195410.87
352350,2023,19070,Itatinga - SP,96,11,1173108.3900000001,1286,21.636363636363637,14.0,7.0,20398709.05,18739603.2,18384565.78,18323445.31
352360,2023,16148,Itirapina - SP,62,9,453740.18,707,29.333333333333332,13.0,13.0,24722887.0,22715657.82,22654642.14,22654642.14
352370,2023,5779,Itirapuã - SP,28,6,275870.12,276,7.0,,,4579840.0,4480217.65,4410807.81,4254371.1
352380,2023,8046,Itobi - SP,43,13,236870.13,409,8.0,,,7013440.45,6601204.52,6665146.38,6684409.49
352390,2023,168240,Itu - SP,882,159,5556232.94,8831,370.5833333333333,540.0833333333334,395.0,194732870.05,190838950.22,187976881.13,180321258.0
352400,2023,70616,Itupeva - SP,272,42,1769433.31,2727,67.58333333333333,88.0,50.0,126442039.77,108397207.96,106845865.97,102045439.92
352410,2023,37571,Ituverava - SP,386,87,2228385.6,3234,226.33333333333334,132.0,62.0,24336217.1,23839745.79,23541869.77,23045197.21
352420,2023,6221,Jaborandi - SP,80,12,596084.63,757,12.583333333333334,17.0,17.0,7796500.0,7218738.4,7214864.73,7107576.33
352430,2023,71821,Jaboticabal - SP,451,109,3926994.14,5607,234.5,288.0,49.0,96102972.59,93410350.61,90188731.37,85390264.18
352440,2023,240275,Jacareí - SP,1827,296,12983634.69,20311,509.0833333333333,455.25,215.16666666666666,210808487.84,208555582.22,202031613.35,200200102.3
352450,2023,7613,Jaci - SP,98,29,817241.37,792,8.333333333333334,216.0,164.83333333333334,5911593.0,5906727.5,5906727.5,5906727.5
352460,2023,16097,Jacupiranga - SP,128,42,777647.29,1300,22.75,,,16248371.0,15513245.66,15495097.91,14757401.83
352470,2023,59347,Jaguariúna - SP,598,133,4007593.98,7118,118.25,102.0,99.0,141846852.49,130325752.62,129928878.74,129355299.6
352480,2023,48776,Jales - SP,421,73,3659802.53,4375,240.0,178.0,126.0,35020396.71,34903549.89,34643812.08,34171124.14
352490,2023,6397,Jambeiro - SP,48,7,265073.06,358,6.0,,,7738521.8,6993766.29,6889168.86,6374606.89
352500,2023,118045,Jandira - SP,417,60,3406927.95,6043,67.25,15.0,0.0,95114882.5,58330842.51,54882462.07,53496765.61
352510,2023,45282,Jardinópolis - SP,274,44,2597027.4899999998,3261,70.16666666666667,,,45381208.56,40485293.01,37023452.57,36052604.27
352520,2023,37535,Jarinu - SP,196,46,1166644.0,1835,29.75,30.0,18.0,41210231.12,41008858.48,39821645.86,39197424.44
352530,2023,133497,Jaú - SP,1569,467,10337895.89,16604,482.5,1048.5833333333333,719.6666666666666,119353286.91,101389575.37,99193438.94,96172179.74
352540,2023,3863,Jeriquara - SP,18,5,173466.14,157,3.0,,,4446050.0,4356677.41,4356677.41,4356677.41
352550,2023,12815,Joanópolis - SP,91,9,812468.61,1192,15.583333333333334,11.0,11.0,10156175.0,10089124.73,10051557.33,9945779.37
352560,2023,4371,João Ramalho - SP,31,10,134664.55,218,6.181818181818182,,,6686690.09,5752954.93,5605345.85,5552265.14
352570,2023,36633,José Bonifácio - SP,438,104,4520605.83,4478,75.91666666666667,67.0,24.5,32095660.29,30359941.56,29512273.42,29160517.61
352580,2023,4254,Júlio Mesquita - SP,44,5,400099.13,544,4.090909090909091,,,4251059.0,4250909.18,4250909.18,3982842.13
352585,2023,3056,Jumirim - SP,5,0,27639.65,37,5.0,,,5292000.0,4586003.3,4574926.87,4561544.97
352590,2023,443221,Jundiaí - SP,2809,527,17168494.34,25889,1853.9166666666667,1078.75,549.25,612214317.19,594491524.63,584582440.9,575426975.78
352600,2023,20448,Junqueirópolis - SP,137,40,1045498.69,1480,36.833333333333336,46.0,25.0,20980184.69,20802438.21,20717463.21,20715768.21
352610,2023,17154,Juquiá - SP,131,40,626280.57,1215,16.0,,,11994914.03,11670139.13,11670139.13,11554306.91
352620,2023,27404,Juquitiba - SP,184,27,1450784.45,2378,17.583333333333332,1.0,1.0,17131007.94,16669617.06,16494646.32,15401345.02
352630,2023,5083,Lagoinha - SP,26,7,237413.46,313,8.25,,,5991735.76,5152744.13,4776552.11,4615305.35
352640,2023,26261,Laranjal Paulista - SP,96,14,1104966.65,1318,97.0,48.0,30.0,26752289.55,26577075.73,26192848.1,25147253.26
352650,2023,9689,Lavínia - SP,49,13,250993.75,447,9.0,,,7071161.74,6835348.35,6758847.65,6624060.96
352660,2023,7171,Lavrinhas - SP,71,24,367616.41,663,9.75,,,7425441.95,7343302.54,7313802.54,7098429.7
352670,2023,98161,Leme - SP,545,133,3551458.76,6022,222.33333333333334,145.0,85.0,95486467.32,94347796.0,92098462.62,90291047.35
352680,2023,66505,Lençóis Paulista - SP,632,139,3902384.27,7216,275.0833333333333,181.0,50.0,49735075.76,49702703.61,49165639.07,48856103.33
352690,2023,291869,Limeira - SP,1690,296,15882621.02,17528,1066.5833333333333,506.6666666666667,239.0,204468890.48,186692909.06,181130264.95,170881137.55
352700,2023,7014,Lindóia - SP,40,6,484352.34,718,17.727272727272727,,,9629127.93,6941178.59,6923206.09,6914451.23
352710,2023,74779,Lins - SP,479,83,2939259.49,4749,580.25,412.5,312.0,58724317.47,50103276.85,48677823.33,46614775.93
352720,2023,84855,Lorena - SP,1052,307,5902648.59,10388,343.0,228.5,107.0,71553425.37,67713942.87,67291413.83,66433332.48
352725,2023,1950,Lourdes - SP,14,2,104836.20999999999,119,4.0,,,5118961.0,4522275.71,4049833.9,4323743.62
352730,2023,51847,Louveira - SP,176,23,1389129.32,2009,47.75,40.0,28.0,127117308.58,120071401.85,109001715.61,108578254.56
352740,2023,20061,Lucélia - SP,114,17,1138413.32,1423,40.166666666666664,36.0,30.0,17038268.52,16331822.3,16246634.9,15628775.64
352750,2023,2372,Lucianópolis - SP,16,1,113531.62,117,3.0,,,5099309.77,4801173.2,4797140.66,4794889.58
352760,2023,12265,Luís Antônio - SP,93,18,716052.72,964,24.833333333333332,,,28145377.56,27309964.19,27118234.93,24891846.67
352770,2023,4701,Luiziânia - SP,46,15,193977.41,334,6.454545454545454,,,6182366.0,5269444.27,5269444.27,5194927.1
352780,2023,3981,Lupércio - SP,27,3,283501.16000000003,393,4.909090909090909,,,4823948.62,4078011.41,4044578.19,3937478.85
352790,2023,2661,Lutécia - SP,34,13,291759.72,306,3.8333333333333335,,,6383645.83,5606042.92,5432817.97,5283794.18
352800,2023,16829,Macatuba - SP,139,17,977762.65,1726,35.916666666666664,31.0,18.0,22576834.33,21667292.31,19974876.47,19953714.66
352810,2023,7481,Macaubal - SP,85,13,806570.28,816,10.666666666666666,15.0,10.0,6026631.6,6017589.67,6013540.87,5880329.57
352820,2023,3963,Macedônia - SP,63,11,472197.67,482,4.0,,,7277417.72,7064715.68,7014069.35,6259065.99
352830,2023,3165,Magda - SP,39,2,425870.93,403,4.0,,,7221352.42,6009998.83,6009998.83,5968560.37
352840,2023,50027,Mairinque - SP,187,24,1640638.32,3043,70.75,,,35977540.0,34639449.73,33350369.33,33051045.34
352850,2023,93853,Mairiporã - SP,296,40,2455992.08,4111,56.333333333333336,59.833333333333336,56.833333333333336,66709098.86,65095631.95,63188840.09,63089195.13
352860,2023,9871,Manduri - SP,44,8,390802.46,554,15.0,,,10845514.23,10074786.22,9870297.08,9622075.17
352870,2023,4573,Marabá Paulista - SP,33,9,277432.13,297,5.0,,,7518920.34,6905947.57,6752883.09,6630396.1
352880,2023,12673,Maracaí - SP,93,23,765979.93,859,16.5,26.0,22.0,17158430.4,17032661.95,16458621.21,16195232.02
352885,2023,3292,Marapoama - SP,23,11,132051.71,173,4.0,,,7699900.0,7297081.75,6766373.05,6454965.57
352890,2023,3513,Mariápolis - SP,29,5,364971.04,421,4.0,,,5293995.0,4913773.2,4913773.2,4913773.2
352900,2023,237627,Marília - SP,2441,456,19881699.31,29989,1048.6666666666667,1026.3333333333333,751.5833333333334,165305065.09,163106687.01,161598193.0,151543948.64
352910,2023,1860,Marinópolis - SP,14,0,134819.18,159,3.0,,,3988010.0,3906180.38,3906180.38,3906180.38
352920,2023,24881,Martinópolis - SP,112,16,1010508.23,1489,46.75,45.0,40.0,21341078.66,21131757.98,20571195.23,19972059.2
352930,2023,79033,Matão - SP,659,164,4922676.4,6927,267.5833333333333,191.83333333333334,124.33333333333333,60710831.08,59605407.78,55616139.21,53892680.44
352940,2023,418261,Mauá - SP,2447,421,17748134.3,33474,332.6666666666667,635.0,320.3333333333333,253442931.88,252394538.38,250134106.43,243222387.9
352950,2023,6159,Mendonça - SP,75,20,792438.01,759,8.0,,,10141833.68,9649689.66,9303123.72,9303123.72
352960,2023,4572,Meridiano - SP,48,10,581106.73,583,7.0,,,7934151.63,7016437.43,7001935.11,6859711.71
352965,2023,1952,Mesópolis - SP,27,5,282220.45,330,2.5,,,4108404.26,5058571.73,3814742.48,4919727.15
352970,2023,19441,Miguelópolis - SP,146,35,889740.88,911,52.5,72.0,51.0,27732304.31,24465162.76,24372116.35,21933313.17
352980,2023,11230,Mineiros do Tietê - SP,101,28,698884.94,1102,13.75,11.0,11.0,13870375.28,11920544.57,11920544.57,11508116.86
352990,2023,18553,Miracatu - SP,143,36,741522.35,1585,19.0,,,16044837.38,15355307.27,14633782.68,14426581.8
353000,2023,3126,Mira Estrela - SP,32,6,242148.81,238,5.0,,,6431561.34,6123088.47,6120976.99,6106620.52
353010,2023,27983,Mirandópolis - SP,280,85,1661807.24,2637,69.5,98.5,98.5,25096495.98,25006774.52,25006774.52,24191941.12
353020,2023,15917,Mirante do Paranapanema - SP,107,21,878866.24,1372,25.0,23.0,23.0,20528122.13,19445945.28,19046999.03,18557516.43
353030,2023,63337,Mirassol - SP,601,185,6318405.28,6299,153.83333333333334,79.0,28.0,54075000.0,38109766.03,36427391.32,34564129.38
353040,2023,4669,Mirassolândia - SP,67,30,708477.5,731,2.0,,,6216434.47,6341791.43,6182062.17,5962844.62
353050,2023,67681,Mococa - SP,746,193,4506555.65,6473,260.5833333333333,157.0,96.0,49687333.75,48386555.72,48305530.97,44552128.82
353060,2023,451505,Mogi das Cruzes - SP,2676,494,19365833.54,30841,362.8333333333333,1083.1666666666667,718.1666666666666,278948396.96,263914004.65,256543666.75,250179560.52
353070,2023,153658,Mogi Guaçu - SP,1034,218,8336926.35,13761,403.5833333333333,401.0,194.0,56383919.81,114020064.53,112501229.5,107120949.51
353080,2023,92558,Mogi Mirim - SP,668,147,5561387.16,8574,285.4166666666667,205.41666666666666,129.25,111033147.07,105068866.41,96064895.99,94710415.32
353090,2023,3722,Mombuca - SP,23,5,124874.36,222,4.0,,,5657360.0,5550158.85,5500928.35,5355029.82
353100,2023,1937,Monções - SP,38,2,360205.69,313,7.0,,,6366643.81,6358645.63,6355612.27,6355612.27
353110,2023,61951,Mongaguá - SP,463,102,3018430.38,5816,44.166666666666664,72.0,36.0,69123569.4,68697524.33,62585857.03,62089426.92
353120,2023,8627,Monte Alegre do Sul - SP,52,6,413330.64,599,17.818181818181817,,,6676115.32,4904470.08,4830670.89,4401911.08
353130,2023,47574,Monte Alto - SP,634,156,4757373.26,7302,234.91666666666666,122.5,65.25,43702779.81,40499222.89,37016636.53,35202186.6
353140,2023,22280,Monte Aprazível - SP,210,39,2144273.78,2102,54.75,80.0,30.0,24962995.43,22803847.53,21885673.56,21129620.5
353150,2023,18151,Monte Azul Paulista - SP,103,17,792991.2,907,49.333333333333336,70.0,51.0,21082717.47,18313172.66,18313172.66,17633447.36
353160,2023,4222,Monte Castelo - SP,56,18,397506.72000000003,521,6.0,,,6268815.28,6089054.19,6033426.15,5941774.72
353170,2023,4138,Monteiro Lobato - SP,22,3,165193.55,272,9.4,,,6769568.37,6036443.94,4782110.76,4745809.92
353180,2023,64662,Monte Mor - SP,252,38,2376348.19,3501,74.83333333333333,35.0,26.0,55488880.56,53557600.33,53273785.74,53237480.53
353190,2023,27933,Morro Agudo - SP,239,70,1293886.34,1597,85.08333333333333,60.75,47.0,38376167.54,38279768.12,36172253.59,36098847.9
353200,2023,13720,Morungaba - SP,65,9,581549.6900000001,800,22.666666666666668,15.916666666666666,12.333333333333334,19989900.0,16828433.72,16755170.26,16296591.88
353205,2023,4034,Motuca - SP,29,12,212854.75,278,6.0,,,7458635.09,7225928.68,7047057.72,6905484.35
353210,2023,3737,Murutinga do Sul - SP,27,8,161265.96,226,6.0,,,4524547.28,4492163.94,4491364.98,4447041.48
353215,2023,2660,Nantes - SP,15,3,113196.24,154,6.0,,,9954704.0,7298739.16,7142459.86,7048039.47
353220,2023,5713,Narandiba - SP,45,11,311582.09,600,6.0,,,7947170.0,7945503.65,7793917.64,7416374.14
353230,2023,6999,Natividade da Serra - SP,27,7,241776.21,335,6.0,,,7636121.12,6704163.4,6607029.98,6417885.57
353240,2023,18217,Nazaré Paulista - SP,132,23,1221853.35,1568,10.0,20.0,20.0,17477290.71,15655843.84,15431693.8,14152199.03
353250,2023,9699,Neves Paulista - SP,98,30,1089648.19,1108,14.25,21.0,10.0,11391508.0,9830622.87,9830622.87,9611140.89
353260,2023,9852,Nhandeara - SP,103,13,896525.71,1009,44.583333333333336,129.0,35.0,10951870.0,10802033.26,10488776.69,10317176.48
353270,2023,4750,Nipoã - SP,48,14,459238.68,448,4.0,,,5052000.0,4920112.9,4729915.27,4653615.38
353280,2023,6693,Nova Aliança - SP,91,27,935209.08,984,5.0,,,7180475.0,6910153.02,6910153.02,6721807.68
353282,2023,8497,Nova Campina - SP,50,12,392408.71,585,10.0,,,8860533.5,8580086.25,8393929.62,7975379.57
353284,2023,2032,Nova Canaã Paulista - SP,40,9,403764.85,475,3.0,,,4997729.45,4281511.35,4281511.35,4281511.35
353286,2023,1062,Nova Castilho - SP,3,0,20084.55,14,4.0,,,3896688.48,3762723.75,3762723.75,3736749.76
353290,2023,9311,Nova Europa - SP,50,12,302442.76,403,23.666666666666668,18.0,13.0,13147383.88,12397262.32,12235081.76,12235081.76
353300,2023,19419,Nova Granada - SP,223,68,2174450.65,2292,35.166666666666664,62.0,19.0,23562308.44,20835208.74,20835208.74,18754345.87
353310,2023,2156,Nova Guataporanga - SP,13,5,78329.76,116,6.0,,,3834289.51,3759719.67,3759719.67,3699789.06
353320,2023,4609,Nova Independência - SP,22,4,112933.55,201,8.818181818181818,,,9567395.0,9192338.59,9098240.66,9008520.76
353325,2023,4412,Novais - SP,25,6,215858.83000000002,235,4.0,,,6650230.28,5458667.05,5174638.63,5098385.79
353330,2023,2837,Nova Luzitânia - SP,17,7,120571.28,219,4.25,,,4945200.0,4800037.09,4799437.09,4799437.09
353340,2023,62019,Nova Odessa - SP,219,37,2187101.33,2905,78.91666666666667,35.0,35.0,84154689.52,83911766.08,81616751.56,79833100.08
353350,2023,38324,Novo Horizonte - SP,393,80,2486374.41,3063,122.66666666666667,83.0,49.0,43976570.24,42185578.54,40924079.79,40643142.42
353360,2023,7391,Nuporanga - SP,34,8,182149.16,280,21.333333333333332,,,10347950.84,8841905.76,8677883.54,8551363.12
353370,2023,4331,Ocauçu - SP,45,6,476996.12,540,4.0,,,6665217.75,6195400.02,6096613.13,5794759.48
353380,2023,2512,Óleo - SP,31,8,209305.54,165,4.0,,,4437000.0,4352119.58,4352119.58,4352119.58
353390,2023,55074,Olímpia - SP,547,124,3560049.92,4900,180.41666666666666,86.0,48.5,46078223.94,45104193.14,43465814.54,43442956.1
353400,2023,4771,Onda Verde - SP,62,27,645794.7,668,7.0,,,7823500.0,7618822.91,7477581.31,7464672.31
353410,2023,6085,Oriente - SP,64,10,677831.41,781,12.916666666666666,,,6495613.9,6127419.66,6126332.26,6053450.51
353420,2023,6024,Orindiúva - SP,73,22,727108.19,649,17.0,,,12617204.54,12029892.23,11928680.68,11928680.68
353430,2023,38319,Orlândia - SP,107,15,1097740.2,1060,219.83333333333334,98.0,60.0,35471979.97,34581142.33,34051865.03,33745242.25
353440,2023,728615,Osasco - SP,3405,553,25630852.82,44908,1186.25,1202.5,778.5,829672218.98,820805245.3,781663957.76,763947197.61
353450,2023,2470,Oscar Bressane - SP,28,6,200443.83000000002,261,4.0,,,1022472.6,5307566.07,4820573.91,4918498.11
353460,2023,31272,Osvaldo Cruz - SP,144,13,1257132.18,1511,96.41666666666667,72.0,58.0,21281398.64,21259244.8,21259244.8,21259244.8
353470,2023,103970,Ourinhos - SP,929,194,7107137.29,9283,490.75,222.0,130.5,75743204.96,75313240.61,75240664.25,74408824.62
353475,2023,10294,Ouroeste - SP,118,19,1250480.22,1305,33.666666666666664,33.0,28.0,22792890.94,21768741.27,21675313.55,21300716.13
353480,2023,7779,Ouro Verde - SP,76,21,458200.71,694,10.0,,,7296814.0,7067777.1,7067687.1,7019773.94
353490,2023,14877,Pacaembu - SP,78,12,588960.99,811,31.25,,,12307279.4,11993587.95,10930620.56,10911187.0
353500,2023,11476,Palestina - SP,132,40,1119077.49,1196,22.75,,,17709092.96,17328659.15,17320012.38,16998314.96
353510,2023,9650,Palmares Paulista - SP,71,14,661882.41,831,21.727272727272727,,,8197670.0,8247220.56,6884081.04,6391991.64
353520,2023,8903,Palmeira d'Oeste - SP,99,11,763352.89,949,14.25,20.0,10.833333333333334,8965050.0,8218164.27,8218164.27,8218164.27
353530,2023,19594,Palmital - SP,144,27,1050776.54,1206,48.916666666666664,43.0,29.0,27754500.0,26341150.57,26014512.72,24517703.36
353540,2023,14964,Panorama - SP,163,37,1206610.42,1865,19.916666666666668,31.0,31.0,17592936.67,12242176.13,12134610.78,11072738.6
353550,2023,41120,Paraguaçu Paulista - SP,517,160,3906579.35,5170,126.33333333333333,113.0,89.0,36454287.61,31356064.66,29777833.6,27595629.26
353560,2023,17667,Paraibuna - SP,99,27,848312.04,1344,19.166666666666668,,,16363232.45,14905013.52,13961686.03,13408019.05
353570,2023,6099,Paraíso - SP,28,9,182494.17,230,10.666666666666666,,,9930358.2,7251296.8,7250804.97,7237227.75
353580,2023,19395,Paranapanema - SP,100,15,1223652.95,1286,52.0,21.0,21.0,23185080.0,21272488.51,21203852.47,20764963.28
353590,2023,4031,Paranapuã - SP,40,5,329389.07,430,2.0,,,5519586.67,5320493.42,5279907.34,5279907.34
353600,2023,10580,Parapuã - SP,81,11,531588.99,789,10.666666666666666,32.0,26.0,10084438.2,9966116.71,9922016.71,9792228.45
353610,2023,7153,Pardinho - SP,50,10,538502.1,629,4.0,,,9152834.0,8848455.28,8824189.96,8545543.61
353620,2023,19233,Pariquera-Açu - SP,154,32,851220.84,1717,31.666666666666668,196.5,196.5,16600614.0,13997696.05,12196056.11,11947891.19
353625,2023,2892,Parisi - SP,35,5,278075.12,301,2.0,,,5068007.93,5044355.8,5021899.54,4692962.2
353630,2023,14512,Patrocínio Paulista - SP,72,14,690783.23,696,18.666666666666668,35.0,23.0,17525298.93,15751516.91,15060897.06,14423577.34
353640,2023,7955,Paulicéia - SP,77,19,478923.85,822,7.333333333333333,,,10198020.0,9921835.98,9871867.9,9622053.92
353650,2023,110537,Paulínia - SP,768,130,4640436.43,8722,217.75,116.5,112.5,411402474.55,407224269.84,382201930.06,367719614.48
353657,2023,2090,Paulistânia - SP,30,6,206590.61,357,2.5454545454545454,,,4988500.0,4851755.46,4851755.46,4851755.46
353660,2023,7400,Paulo de Faria - SP,103,36,942595.39,982,8.833333333333334,22.916666666666668,17.333333333333332,13170640.0,12683144.36,12643144.36,12443013.05
353670,2023,44827,Pederneiras - SP,416,123,2062127.12,3760,92.75,72.0,63.333333333333336,48006428.13,46942407.04,45864108.7,45416689.57
353680,2023,6557,Pedra Bela - SP,57,10,502915.21,562,5.0,,,6663040.26,6270332.59,6182782.64,6050515.56
353690,2023,2787,Pedranópolis - SP,32,4,180951.51,207,5.818181818181818,,,5798651.47,5018851.03,5008234.7,4749845.61
353700,2023,15525,Pedregulho - SP,65,9,688345.11,662,25.0,64.0,55.0,13490607.79,17825889.34,17090896.58,14566485.32
353710,2023,43112,Pedreira - SP,162,34,1607211.23,2164,77.08333333333333,105.83333333333333,104.16666666666667,39697200.0,36141660.15,35967400.23,35467272.42
353715,2023,2804,Pedrinhas Paulista - SP,33,5,231834.9,347,9.0,,,6885554.0,6667104.09,6511876.83,6436731.6
353720,2023,11281,Pedro de Toledo - SP,73,18,435791.07,756,14.0,3.0,3.0,9943589.18,9633926.55,9577600.56,9416550.51
353730,2023,61679,Penápolis - SP,673,166,3593389.19,6122,224.08333333333334,181.0,160.5,59063497.22,44047434.43,43486585.02,42579826.21
353740,2023,24095,Pereira Barreto - SP,110,29,641013.71,907,81.5,56.0,50.0,26994200.0,26555808.55,26066946.4,25862576.78
353750,2023,8737,Pereiras - SP,40,5,368074.67,466,12.2,,,8316552.24,8224337.03,8224337.03,8191187.03
353760,2023,68352,Peruíbe - SP,579,138,3423264.27,7062,88.08333333333333,21.0,18.0,84870404.62,83965081.97,83428726.27,75943534.58
353770,2023,5519,Piacatu - SP,27,5,235610.74,298,6.7272727272727275,,,6310108.8,5997895.1,5906633.75,5805912.46
353780,2023,52970,Piedade - SP,179,12,1437896.68,2926,63.916666666666664,79.0,59.0,40753691.66,40386773.3,38882180.44,38660909.28
353790,2023,27619,Pilar do Sul - SP,129,21,1132494.71,1893,33.833333333333336,35.0,27.0,24273564.87,23765886.19,23498577.45,23497297.45
353800,2023,165428,Pindamonhangaba - SP,1068,267,8517965.58,15582,464.3333333333333,319.0,162.5,160847152.1,153232990.78,150614009.26,146298632.39
353810,2023,14542,Pindorama - SP,88,20,694986.35,871,22.25,,,18992291.31,13143463.88,13067206.55,12679709.08
353820,2023,15224,Pinhalzinho - SP,100,15,748637.65,1012,22.833333333333332,,,12501877.4,12328417.75,11218369.75,11161886.86
353830,2023,3264,Piquerobi - SP,45,7,330153.24,433,3.0,,,5323786.72,5268197.11,5237297.11,4987381.57
353850,2023,12490,Piquete - SP,113,30,768095.63,1300,14.666666666666666,,,8981557.67,8911358.5,10591034.79,8560729.32
353860,2023,26029,Piracaia - SP,176,27,1478964.23,2032,28.25,42.0,28.0,23687781.05,23419211.52,21894627.29,21343825.44
353870,2023,423323,Piracicaba - SP,2750,550,22888613.11,28463,1231.0,905.25,479.75,323073277.5,316454063.33,312492959.24,309700482.46
353880,2023,29436,Piraju - SP,114,18,1191543.34,1563,89.5,68.0,49.0,29299314.26,29293465.27,27326678.3,26966945.19
353890,2023,22431,Pirajuí - SP,137,26,887987.34,1845,67.5,291.1666666666667,85.0,17491264.0,17371839.74,17371839.74,17210306.39
353900,2023,10885,Pirangi - SP,91,21,905484.62,956,25.25,45.833333333333336,20.833333333333332,14189587.32,13838769.71,13273265.82,13087724.96
353910,2023,18370,Pirapora do Bom Jesus - SP,65,12,476416.12,922,14.0,,,13685320.0,13388043.9,13102430.78,12937162.82
353920,2023,25348,Pirapozinho - SP,119,21,1029759.44,1614,36.916666666666664,,,18712540.8,15616423.8,15616423.8,15600839.16
353930,2023,73545,Pirassununga - SP,478,121,2725175.96,4491,311.25,134.58333333333334,74.0,61271713.4,59952220.05,58296727.17,55336857.75
353940,2023,15108,Piratininga - SP,112,16,787071.35,1375,15.833333333333334,23.0,21.0,16584267.18,15442382.62,15286341.03,15202326.15
353950,2023,33674,Pitangueiras - SP,159,33,1347561.54,1538,78.83333333333333,54.5,32.0,32663784.73,31707826.02,30941857.34,29627160.26
353960,2023,4389,Planalto - SP,50,13,453377.82,514,4.0,,,9135249.23,9102516.82,9036666.78,8368117.93
353970,2023,3025,Platina - SP,33,10,255092.52000000002,284,2.0,,,7243976.98,6548216.63,6448108.78,6176583.78
353980,2023,103765,Poá - SP,382,57,3333059.71,5010,77.33333333333333,10.0,10.0,83657808.21,82583996.12,78397937.72,78167440.94
353990,2023,5592,Poloni - SP,54,12,488464.95,540,9.0,,,5597403.7,5330022.91,5330022.91,5244008.89
354000,2023,20196,Pompéia - SP,135,13,1220024.02,1664,141.25,26.0,19.0,32293414.8,27573572.48,26784778.89,24822767.03
354010,2023,3395,Pongaí - SP,32,4,248122.43,362,2.0,,,5213050.0,5069185.1,5069185.1,4966905.12
354020,2023,37607,Pontal - SP,184,36,1744317.91,2087,86.75,38.666666666666664,30.666666666666668,36862425.82,34492849.89,33134837.33,32435206.89
354025,2023,4127,Pontalinda - SP,34,4,354223.99,407,2.0,,,5181250.15,4708411.12,4682318.48,4457490.68
354030,2023,2387,Pontes Gestal - SP,23,4,182623.23,173,4.0,,,5667906.15,12381623.76,12057150.46,7277785.33
354040,2023,4127,Populina - SP,43,6,328615.7,302,6.166666666666667,18.0,6.0,4242522.32,4201156.85,4201156.85,4032444.62
354050,2023,10451,Porangaba - SP,60,11,720363.47,918,16.416666666666668,,,8161600.0,7852294.25,7558512.28,7528119.59
354060,2023,56497,Porto Feliz - SP,120,13,1072611.24,1558,91.91666666666667,73.0,45.0,74195112.9,64589747.41,62444810.97,61894625.6
354070,2023,52649,Porto Ferreira - SP,357,104,2255965.08,2935,203.0,61.0,37.0,36497929.56,36153289.49,35100654.44,33729029.94
354075,2023,20392,Potim - SP,188,34,1397285.72,2208,21.0,,,10600636.08,10428502.66,9879591.18,9667557.04
354080,2023,18496,Potirendaba - SP,192,55,1802279.67,1864,21.666666666666668,32.0,28.0,13739000.0,13006661.62,12993909.01,12423536.58
354085,2023,2578,Pracinha - SP,15,1,109374.26,182,3.0,,,3531931.94,3430356.01,3337419.64,3296199.91
354090,2023,17078,Pradópolis - SP,87,19,696911.9500000001,773,29.333333333333332,,,16613170.51,16143591.51,15772390.53,15487028.84
354100,2023,349935,Praia Grande - SP,1768,299,12955644.67,23397,314.25,486.8333333333333,271.0833333333333,296446859.75,294842855.62,277771664.52,268430309.96
354105,2023,5126,Pratânia - SP,56,0,628386.22,630,4.454545454545454,,,5407352.87,5403165.23,5356329.52,5304102.13
354110,2023,3804,Presidente Alves - SP,27,9,193818.31,341,2.6363636363636362,,,4538576.73,4508565.51,4500183.51,4448658.37
354120,2023,14490,Presidente Bernardes - SP,69,12,575339.84,945,35.5,51.0,40.0,13399680.0,12848534.24,12804658.84,12647374.27
354130,2023,39505,Presidente Epitácio - SP,163,26,1361112.85,2016,56.333333333333336,78.0,68.0,35056019.23,23939644.56,30895944.08,24930322.94
354140,2023,225668,Presidente Prudente - SP,1203,229,10079986.74,15492,1052.6666666666667,1292.75,849.9166666666666,164742879.9,163869862.01,163123170.31,156511684.44
354150,2023,35201,Presidente Venceslau - SP,362,104,2529678.6,3517,110.0,112.0,72.0,24070088.82,22449466.91,22045488.55,21835853.6
354160,2023,35131,Promissão - SP,391,92,2148116.39,3497,82.91666666666667,71.75,71.75,30764377.06,30569353.42,30053116.95,28117624.27
354165,2023,3405,Quadra - SP,17,2,95590.54,215,5.0,,,7695430.0,7282867.0,6660421.93,6581349.99
354170,2023,13163,Quatá - SP,122,42,557251.33,727,38.0,,,17380905.97,18935953.38,15961290.24,15961290.24
354180,2023,3265,Queiroz - SP,57,14,327712.39,476,2.8333333333333335,,,9974958.22,8018294.59,7567541.72,7196208.63
354190,2023,9159,Queluz - SP,74,19,494567.66,800,11.0,19.0,19.0,8473134.59,8040608.58,7440751.88,7263689.64
354200,2023,7038,Quintana - SP,47,5,506284.39,615,27.833333333333332,,,10343788.69,9791466.06,9464111.96,9331153.23
354210,2023,8965,Rafard - SP,74,8,569888.63,702,5.0,,,10316100.0,9619308.42,9327019.63,8790578.05
354220,2023,28588,Rancharia - SP,356,108,1816926.05,2653,79.58333333333333,115.0,81.0,21325392.01,20170412.15,19825764.35,19498803.25
354230,2023,4494,Redenção da Serra - SP,35,5,314487.58999999997,400,5.0,,,4485181.2,3811842.75,3371164.58,3349477.41
354240,2023,20145,Regente Feijó - SP,86,16,732850.95,1130,36.0,42.0,33.0,17249033.16,16791692.86,16444649.74,15082428.89
354250,2023,7662,Reginópolis - SP,46,8,279525.21,495,9.727272727272727,,,10720701.0,10276057.41,10159456.16,9943206.18
354260,2023,59947,Registro - SP,468,121,2837240.58,5517,139.66666666666666,289.6666666666667,225.0,50191747.32,47901117.09,45788156.02,45133005.55
354270,2023,6404,Restinga - SP,42,8,398731.3,600,6.363636363636363,,,8695469.42,8658763.67,8566620.3,7900502.04
354280,2023,3132,Ribeira - SP,12,7,80741.68000000001,118,7.142857142857143,,,7188997.79,6916364.71,6742081.77,6678118.52
354290,2023,10989,Ribeirão Bonito - SP,99,28,556263.06,793,28.25,20.333333333333332,15.333333333333334,7968460.96,5653490.09,5653490.09,5653490.09
354300,2023,18627,Ribeirão Branco - SP,125,23,944581.83,1532,15.833333333333334,28.0,28.0,12274294.24,14830741.35,14255106.83,14255106.83
354310,2023,4608,Ribeirão Corrente - SP,36,8,250080.62,326,5.0,,,6146363.46,5911153.37,5737286.72,5661992.68
354320,2023,4677,Ribeirão do Sul - SP,34,8,195012.79,362,3.0,,,8191028.8,7712922.66,7296342.99,7171645.02
354323,2023,2025,Ribeirão dos Índios - SP,9,3,38297.18,83,2.0,,,4744687.0,4358803.34,4356292.63,4303232.89
354325,2023,7450,Ribeirão Grande - SP,34,8,219288.97,442,3.25,,,4583259.0,4528039.1,4528039.1,4068354.59
354330,2023,115559,Ribeirão Pires - SP,556,77,4266077.25,7359,130.0,168.91666666666666,43.916666666666664,95293269.68,93822062.15,92265183.46,91806103.76
354340,2023,698642,Ribeirão Preto - SP,3771,783,35255911.53,43023,2672.8333333333335,2689.5,1649.25,538726916.12,528225999.22,520217918.47,479978401.47
354350,2023,5599,Riversul - SP,40,5,249711.69,386,4.0,,,7021316.76,6496412.44,6350876.79,6200445.8
354360,2023,4049,Rifaina - SP,29,3,243765.37,221,7.181818181818182,,,9562300.0,8953734.78,8953734.78,8953734.78
354370,2023,9098,Rincão - SP,73,11,547647.85,736,13.0,,,11875105.66,10986831.86,10751674.78,10491361.07
354380,2023,9259,Rinópolis - SP,118,24,756058.93,1262,9.333333333333334,23.0,20.0,8977400.0,7982644.78,7945244.78,7944265.42
354390,2023,201418,Rio Claro - SP,832,100,6448973.0,8854,710.25,441.5,240.66666666666666,81675272.71,209307384.83,191732618.75,179869605.51
354400,2023,31328,Rio das Pedras - SP,126,26,1255878.1,1449,90.08333333333333,72.0,64.0,26087463.0,25455524.18,25455524.18,25455524.18
354410,2023,44170,Rio Grande da Serra - SP,240,43,1714239.13,3100,20.833333333333332,,,14153317.14,13357905.57,12842687.1,12682011.09
354420,2023,10309,Riolândia - SP,52,8,480720.82,458,12.416666666666666,36.0,25.0,16868000.0,16746608.03,16567163.6,15813798.4
354425,2023,17440,Rosana - SP,86,27,696023.81,801,38.666666666666664,82.0,82.0,25741000.0,23730046.55,23127366.36,22899155.47
354430,2023,10832,Roseira - SP,118,16,1009081.54,1643,16.916666666666668,50.666666666666664,14.0,11213689.74,11093876.18,10664865.63,10590535.6
354440,2023,2700,Rubiácea - SP,9,4,97896.06000000001,69,5.0,,,4838890.0,4375662.57,4355350.45,4257811.36
354450,2023,3833,Rubinéia - SP,49,8,442229.39,460,3.0,,,5887020.0,4364304.48,4364301.48,4362638.25
354460,2023,5112,Sabino - SP,58,8,353316.59,603,7.0,,,7060116.55,6483464.76,6476636.67,6189786.7
354470,2023,2474,Sagres - SP,11,1,99867.99,129,2.0,,,2403149.02,3472433.4,3470046.72,3438197.64
354480,2023,6437,Sales - SP,40,8,311672.44,490,5.5,,,9773014.0,9930696.89,9554890.2,9492791.65
354490,2023,11411,Sales Oliveira - SP,39,5,277982.46,279,47.8,30.0,20.0,15035831.76,14282765.43,8676125.56,13775108.04
354500,2023,15202,Salesópolis - SP,85,14,638725.0599999999,963,15.0,11.0,11.0,10308557.27,9380367.63,8946919.47,8837084.93
354510,2023,4808,Salmourão - SP,30,3,253212.78,307,3.5454545454545454,,,4269977.9,4015808.03,4015808.03,3919896.5
354515,2023,8161,Saltinho - SP,55,14,506368.0,514,6.833333333333333,,,9881922.44,8356873.86,8248896.86,8239988.47
354520,2023,134319,Salto - SP,689,115,4341204.5,7317,212.33333333333334,126.0,126.0,129772119.51,115703357.4,109186774.37,109186774.37
354530,2023,43748,Salto de Pirapora - SP,150,22,1360707.76,2100,86.66666666666667,52.0,43.0,36832205.12,35697796.21,35365540.53,34503693.47
354540,2023,9050,Salto Grande - SP,82,17,601237.6,689,9.0,34.0,22.0,9062496.31,8679190.44,8529918.91,8091646.37
354550,2023,3645,Sandovalina - SP,30,4,211149.82,309,3.1818181818181817,,,10434200.0,8711465.9,8351113.99,7997682.22
354560,2023,14018,Santa Adélia - SP,95,17,823298.24,990,36.5,19.0,11.0,16666300.0,15506807.76,15068407.25,14908383.23
354570,2023,6393,Santa Albertina - SP,73,12,678556.08,826,9.416666666666666,,,11830694.0,10963093.32,10766903.31,10636579.66
354580,2023,183347,Santa Bárbara d'Oeste - SP,1099,236,8326777.26,12852,367.0833333333333,223.0,135.0,148082963.51,147969154.33,147184383.48,136157504.61
354600,2023,13975,Santa Branca - SP,142,34,882464.15,1597,12.666666666666666,,,11057271.71,10774199.07,10263655.13,10146344.98
354610,2023,2598,Santa Clara d'Oeste - SP,37,8,248965.89,354,4.083333333333333,,,3166490.1,3562514.08,3562514.08,3562514.08
354620,2023,4277,Santa Cruz da Conceição - SP,42,9,345989.57,452,4.0,,,5866740.0,5758406.33,5718753.69,5718753.69
354625,2023,2116,Santa Cruz da Esperança - SP,11,2,82138.76000000001,110,7.666666666666667,,,5169752.95,4978858.42,4190915.29,4069516.97
354630,2023,28864,Santa Cruz das Palmeiras - SP,112,20,1030495.34,1184,76.08333333333333,35.0,25.0,21206000.0,20541730.96,20301751.37,19481847.74
354640,2023,46442,Santa Cruz do Rio Pardo - SP,243,28,1897037.78,2164,151.33333333333334,119.66666666666667,72.0,63802893.65,62812429.71,60812874.99,60675975.55
354650,2023,6118,Santa Ernestina - SP,61,12,402092.58,579,6.5,,,4725047.0,4519480.13,4430337.5,4340979.31
354660,2023,34794,Santa Fé do Sul - SP,466,107,3717957.75,4069,138.91666666666666,90.91666666666667,67.41666666666667,24944398.31,24809824.7,24809824.7,24807990.11
354670,2023,23611,Santa Gertrudes - SP,71,8,473300.94,664,40.25,,,38679590.06,30772543.21,30109977.37,29448248.03
354680,2023,53174,Santa Isabel - SP,451,123,2804637.93,5233,46.833333333333336,91.33333333333333,79.0,38104914.96,36090303.61,35941160.69,34975532.95
354690,2023,7149,Santa Lúcia - SP,29,7,178485.71,303,5.0,8.0,0.0,6574279.09,6552210.14,6329421.7,6143653.59
354700,2023,5243,Santa Maria da Serra - SP,50,13,487488.39999999997,489,9.0,6.0,6.0,9573820.0,8639014.96,8311631.45,3159126.06
354710,2023,2956,Santa Mercedes - SP,18,6,152403.8,179,8.0,,,4152144.89,3833447.18,3833447.18,3833447.18
354720,2023,1670,Santana da Ponte Pensa - SP,13,2,73676.73,165,3.0,,,3799227.6,3563992.22,3563992.12,3558122.21
354730,2023,154105,Santana de Parnaíba - SP,541,67,4950351.55,7890,61.166666666666664,67.91666666666667,65.91666666666667,340301000.0,327435015.3,280588215.31,275497168.49
354740,2023,2733,Santa Rita d'Oeste - SP,40,14,354341.16,363,4.0,,,4486361.4,4367801.48,4364301.48,4361712.49
354750,2023,24833,Santa Rita do Passa Quatro - SP,128,16,1158329.81,1109,78.0,292.9166666666667,274.5,25090224.49,24775618.9,24659140.15,23909667.67
354760,2023,23411,Santa Rosa de Viterbo - SP,114,12,1017620.75,958,69.75,32.0,19.0,22881569.97,21094365.23,20252039.69,19944109.75
354765,2023,1645,Santa Salete - SP,26,2,167814.66,192,2.0,,,4075085.67,3866656.11,3861750.11,3845957.92
354770,2023,17963,Santo Anastácio - SP,100,21,633156.13,1058,46.583333333333336,56.0,37.0,15057522.9,14627754.58,14301897.75,13940788.03
354780,2023,748919,Santo André - SP,6281,1145,34866628.64,44832,829.6666666666666,2062.0,966.0,638900096.77,637016426.86,628872784.77,621287194.29
354790,2023,6775,Santo Antônio da Alegria - SP,56,7,502640.75,613,20.833333333333332,14.25,14.25,7384300.0,7128343.07,6961499.11,6822872.17
354800,2023,23244,Santo Antônio de Posse - SP,112,18,1512461.39,2213,43.666666666666664,,,29813620.4,27930864.15,26214883.45,26002295.97
354805,2023,8379,Santo Antônio do Aracanguá - SP,51,12,387034.99,428,4.583333333333333,,,15500145.42,15387315.07,15387315.07,15032609.72
354810,2023,6126,Santo Antônio do Jardim - SP,74,22,545366.77,849,8.0,,,7058385.38,6416878.8,6232307.12,5982937.75
354820,2023,7133,Santo Antônio do Pinhal - SP,35,2,233557.13,443,19.818181818181817,,,6500581.16,5702667.66,5314824.83,5296923.64
354830,2023,3000,Santo Expedito - SP,16,3,104565.3,247,2.5555555555555554,,,3718196.99,3634457.67,3550365.39,3491879.68
354840,2023,3899,Santópolis do Aguapeí - SP,16,4,83327.43,168,3.0,,,4525089.59,4036871.78,4011344.39,3984443.98
354850,2023,418608,Santos - SP,3154,726,25272696.79,36329,1720.3333333333333,1990.0833333333333,894.0,582605176.44,579405765.66,571630127.27,555934254.23
354860,2023,11674,São Bento do Sapucaí - SP,66,13,632728.84,800,16.0,40.0,26.0,10148720.0,8871181.48,7705104.97,7545721.22
354870,2023,810729,São Bernardo do Campo - SP,5117,737,43323812.8,67588,992.5833333333334,2162.1666666666665,909.5,764069921.39,731885456.46,725487998.59,723756924.12
354880,2023,165655,São Caetano do Sul - SP,2030,511,11043516.07,19691,608.75,1020.0,224.0,433934650.77,424044206.14,417009991.56,414594182.8
354890,2023,254857,São Carlos - SP,2710,748,16084538.15,23557,975.9166666666666,508.0,230.66666666666666,196388459.04,199434595.08,180208273.71,176752407.81
354900,2023,2602,São Francisco - SP,22,2,156138.71,189,5.0,,,3761150.0,3862056.55,3862056.55,3861596.22
354910,2023,92547,São João da Boa Vista - SP,610,122,3766294.47,5823,662.3333333333334,227.0,112.0,101023457.08,95584657.92,89711413.93,84573575.01
354920,2023,2580,São João das Duas Pontes - SP,30,5,264414.85000000003,378,2.0,,,4235452.0,3764607.76,3539114.77,3499503.37
354925,2023,1846,São João de Iracema - SP,13,2,47277.69,88,4.0,,,4926049.02,4254282.02,4198972.52,4183119.49
354930,2023,2242,São João do Pau d'Alho - SP,25,5,191830.51,285,6.0,,,4462595.58,4432466.1,4432466.1,4432466.1
354940,2023,48558,São Joaquim da Barra - SP,248,60,2111385.86,2782,206.41666666666666,114.0,71.0,44451218.3,40130710.38,39366346.83,37888543.92
354950,2023,7626,São José da Bela Vista - SP,51,12,504393.99,579,6.833333333333333,,,5805330.01,5771444.13,5648798.74,5647573.74
354960,2023,3853,São José do Barreiro - SP,30,6,210043.8,299,5.0,,,4649946.9,4624793.5,4532224.78,4402069.33
354970,2023,52205,São José do Rio Pardo - SP,404,108,2462556.83,3439,185.0,150.0,86.75,40897445.13,36278863.85,35489554.01,34156240.49
354980,2023,480393,São José do Rio Preto - SP,3524,668,33727612.69,37150,1278.8333333333333,2586.0,1333.9166666666667,334392647.06,326483615.11,324094364.63,322068402.89
354990,2023,697054,São José dos Campos - SP,3796,931,29863307.21,44532,1420.75,1966.1666666666667,910.0833333333334,729936297.71,729902870.97,688368425.4,676418264.56
354995,2023,16067,São Lourenço da Serra - SP,87,10,879711.01,1090,12.0,60.0,0.0,11853373.4,11516644.6,11421097.26,10941911.59
355000,2023,10337,São Luiz do Paraitinga - SP,53,6,481669.11,592,9.5,25.0,16.0,11785412.4,10516234.17,9796520.21,9796520.21
355010,2023,37289,São Manuel - SP,160,11,1783282.44,2142,110.08333333333333,70.0,44.0,33339361.0,31317757.28,31013737.5,30005461.98
355020,2023,32039,São Miguel Arcanjo - SP,119,12,993732.22,1619,64.16666666666667,77.5,77.5,24165875.75,23481781.79,22867213.32,22633329.71
355030,2023,11451999,São Paulo - SP,60093,9874,521763229.94,819707,18362.583333333332,37779.5,18445.0,15062266668.99,14631191272.62,14103618518.32,14065853936.57
355040,2023,38256,São Pedro - SP,491,145,3388734.84,4164,95.08333333333333,73.0,61.0,42541617.27,40814259.55,39841370.17,39686600.19
355050,2023,7217,São Pedro do Turvo - SP,55,11,372860.71,502,6.0,,,10160349.59,9326248.38,9209033.13,8861945.82
355060,2023,79484,São Roque - SP,580,163,3900043.54,7431,277.9166666666667,309.1666666666667,70.0,82926183.37,80128591.33,77610639.96,77602466.4
355070,2023,81595,São Sebastião - SP,669,159,4159537.06,7309,207.16666666666666,123.0,110.0,220075500.0,187065132.77,178358986.25,161761677.49
355080,2023,10441,São Sebastião da Grama - SP,61,16,499495.61,609,32.416666666666664,30.0,26.0,8283314.24,8143104.24,8100060.04,7941984.55
355090,2023,13442,São Simão - SP,80,10,678068.67,669,38.583333333333336,40.0,36.0,21430800.0,20919671.42,20450117.13,20233491.98
355100,2023,329911,São Vicente - SP,1545,326,11600201.14,18150,246.25,322.9166666666667,194.25,184779021.0,181161156.6,180321511.55,167900996.87
355110,2023,10369,Sarapuí - SP,39,2,300648.75,656,9.181818181818182,,,9940525.22,9739009.48,9640921.26,9603908.36
355120,2023,3704,Sarutaiá - SP,16,3,182531.91,261,2.0,,,4937708.62,4856885.72,4840875.92,4836073.02
355130,2023,3130,Sebastianópolis do Sul - SP,26,2,260753.47999999998,315,4.0,,,7949197.52,6965438.28,6614850.24,6549788.88
355140,2023,12746,Serra Azul - SP,79,18,689425.0499999999,687,17.25,,,6291200.0,5739890.5,5595884.33,5421165.7
355150,2023,43909,Serrana - SP,277,68,2430521.76,3255,59.416666666666664,105.33333333333333,101.5,31412225.39,30954685.35,30486580.91,29890730.85
355160,2023,29894,Serra Negra - SP,129,20,1252454.74,1665,81.91666666666667,49.0,33.0,26705727.91,23614671.25,23445176.12,23105904.89
355170,2023,126887,Sertãozinho - SP,698,102,5628610.69,7287,449.4166666666667,163.33333333333334,80.91666666666667,134472767.44,109148296.19,105944762.82,104375214.98
355180,2023,12730,Sete Barras - SP,95,20,644447.37,1030,10.0,,,7473700.0,10381018.58,9852646.0,9714331.03
355190,2023,14576,Severínia - SP,140,38,967993.66,1423,16.0,,,14124263.26,12691824.11,11786309.93,11411180.38
355200,2023,6186,Silveiras - SP,46,14,362854.83,472,12.0,2.0,2.0,5470492.01,5697976.8,5610568.34,5515978.57
355210,2023,40122,Socorro - SP,345,65,2475563.95,3690,84.91666666666667,77.0,70.0,37447092.57,36004192.77,34759404.98,34109334.91
355220,2023,723682,Sorocaba - SP,4272,1122,27119569.81,48574,1404.1666666666667,2008.0833333333333,1112.1666666666667,631697220.21,629194327.32,625220143.12,622679452.37
355230,2023,7355,Sud Mennucci - SP,44,9,265016.27,402,10.0,22.0,20.0,15425469.45,14127748.67,14058013.56,13143204.14
355240,2023,279545,Sumaré - SP,1139,173,11583918.58,16928,280.3333333333333,243.33333333333334,234.33333333333334,200772885.52,198233989.21,196089543.71,181198647.0
355250,2023,307429,Suzano - SP,1414,194,11418717.92,18096,325.1666666666667,413.6666666666667,188.66666666666666,221569443.26,216776128.28,207569890.97,204481596.92
355255,2023,3408,Suzanápolis - SP,39,16,246027.16,476,4.2727272727272725,,,6944900.0,6274997.08,6138098.04,5935701.77
355260,2023,11323,Tabapuã - SP,79,14,806722.13,929,21.333333333333332,30.0,11.0,14013979.8,11075199.14,10999016.14,10826365.66
355270,2023,14769,Tabatinga - SP,143,22,854464.09,1120,48.916666666666664,35.416666666666664,22.0,12957675.0,8010113.17,7823044.17,7567421.49
355280,2023,273542,Taboão da Serra - SP,1291,181,12480679.54,19621,162.5,523.0,354.0,184673627.26,183172315.35,181315508.67,176389096.96
355290,2023,6260,Taciba - SP,22,5,175371.39,275,5.363636363636363,,,11423130.0,10082133.31,11218293.7,10253486.53
355300,2023,12669,Taguaí - SP,53,12,462462.69,534,15.0,30.0,25.0,13904070.36,13601814.17,13228254.1,12916340.21
355310,2023,5677,Taiaçu - SP,32,4,364671.03,255,12.083333333333334,,,140000.0,5838223.27,5808632.27,5435794.11
355320,2023,6548,Taiúva - SP,22,4,249928.56000000003,195,18.333333333333332,4.0,4.0,6817925.0,6714116.76,6408044.84,6338367.85
355330,2023,21435,Tambaú - SP,85,7,732999.28,907,76.33333333333333,36.0,28.0,21446200.0,21006170.21,20944265.58,20891300.36
355340,2023,25265,Tanabi - SP,306,87,3046116.74,3041,54.583333333333336,72.0,30.0,23807000.0,22948081.97,22530387.93,22190171.62
355350,2023,7996,Tapiraí - SP,41,9,346902.24,612,10.5,,,6542000.0,7857867.5,7694443.08,7539321.63
355360,2023,11816,Tapiratiba - SP,111,26,628507.73,710,18.416666666666668,25.0,24.0,7594093.48,8640167.74,8606866.72,8424626.67
355365,2023,2619,Taquaral - SP,14,1,83477.33,100,3.5555555555555554,,,6496200.0,6355345.34,6286910.3,6218620.47
355370,2023,52260,Taquaritinga - SP,349,93,2152606.81,3547,181.0,144.0,93.0,40864968.18,40580021.27,40041138.62,28765012.68
355380,2023,24350,Taquarituba - SP,126,16,1444906.23,1798,27.083333333333332,50.0,35.0,26094949.21,25116292.53,23313177.41,23301604.87
355385,2023,6876,Taquarivaí - SP,44,9,356329.67,401,7.0,,,7905115.0,7158924.87,7152133.02,6939687.32
355390,2023,6536,Tarabai - SP,56,9,380800.92,758,8.0,,,6614000.0,6503141.44,6503141.44,6393588.94
355395,2023,14882,Tarumã - SP,158,33,992634.71,1535,21.0,,,16374749.48,15665567.88,15072936.22,15061889.22
355400,2023,123942,Tatuí - SP,668,125,3808706.82,7541,420.6666666666667,153.0,91.0,121785500.0,118238229.09,118238229.09,113494862.59
355410,2023,310739,Taubaté - SP,1493,268,15231501.02,21053,919.8333333333334,595.0,439.0,316639515.91,302672551.82,292740176.08,282989400.82
355420,2023,4127,Tejupá - SP,16,3,210523.17,275,4.0,,,5500400.0,5171634.69,5161238.37,5161238.37
355430,2023,22173,Teodoro Sampaio - SP,89,18,772457.4,1016,49.583333333333336,58.0,52.0,18089000.0,17055982.21,16740643.11,16353638.6
355440,2023,7904,Terra Roxa - SP,32,7,316030.31,304,17.0,34.0,30.0,8748068.65,8208131.43,8103245.39,7378079.07
355450,2023,37663,Tietê - SP,105,9,857131.58,1423,159.16666666666666,56.0,34.0,30112900.0,27984141.73,27704820.43,26361176.01
355460,2023,2464,Timburi - SP,27,5,295967.06,334,3.0,,,5403002.19,5331292.11,5264143.58,5264143.58
355465,2023,2046,Torre de Pedra - SP,20,2,237216.02,225,4.0,,,4933145.0,4914790.53,4905743.92,4802153.28
355470,2023,9335,Torrinha - SP,85,16,600024.8,932,8.75,20.0,13.0,11618540.69,11011044.04,10817805.82,10183509.51
355475,2023,1682,Trabiju - SP,14,0,75455.41,106,2.0,,,4890843.42,4448051.31,4448051.31,4310307.54
355480,2023,51173,Tremembé - SP,230,55,2093228.16,2835,47.0,10.0,0.0,31038565.06,30117221.15,27251893.95,26862300.33
355490,2023,6804,Três Fronteiras - SP,93,21,750047.34,850,6.0,,,4697400.0,4505151.82,4432792.03,4356131.54
355495,2023,6778,Tuiuti - SP,39,1,300426.7,391,7.0,,,5339585.11,4866165.86,4773356.68,4619632.28
355500,2023,63928,Tupã - SP,1202,294,6365125.34,11888,256.0,372.0,356.0,54424279.27,47150374.73,45705775.27,42831721.49
355510,2023,15854,Tupi Paulista - SP,133,37,980948.27,1383,55.0,48.0,30.0,16129209.84,14428462.24,14397720.06,14262929.96
355520,2023,1818,Turiúba - SP,8,2,59884.96,84,2.0,,,3577600.0,3423394.4,3423394.4,3408907.17
355530,2023,1669,Turmalina - SP,39,8,352204.54,496,4.0,,,4964843.6,4909234.6,4814620.84,4749172.6
355535,2023,5365,Ubarana - SP,80,19,904918.72,942,3.0,,,7210197.14,7135904.5,7135904.5,7016794.74
355540,2023,92981,Ubatuba - SP,702,158,4724495.2,8434,74.83333333333333,103.0,87.33333333333333,107443748.61,101305196.25,99682527.01,95240487.58
355550,2023,5132,Ubirajara - SP,51,20,457239.05,565,5.416666666666667,,,6221606.08,5902098.68,5902098.68,5823376.79
355560,2023,10394,Uchoa - SP,146,33,1796039.56,1635,28.416666666666668,,,11252400.0,9131267.7,9131267.7,8973227.86
355570,2023,1603,União Paulista - SP,22,5,190927.73,179,3.0,,,4531514.75,4395970.06,4395970.06,4016400.85
355580,2023,8833,Urânia - SP,87,14,819355.59,817,9.666666666666666,26.0,24.0,9215071.64,8723307.25,8665912.06,8207261.04
355590,2023,1387,Uru - SP,11,2,55208.22,50,3.0,,,4984306.91,4619769.41,4609269.41,4484368.86
355600,2023,13744,Urupês - SP,91,8,1111498.02,1111,32.25,24.666666666666668,10.333333333333334,14540950.0,14000782.04,13635368.12,13403876.51
355610,2023,14098,Valentim Gentil - SP,116,16,905455.33,1112,22.833333333333332,,,12410693.72,12254730.52,12244466.46,12244466.46
355620,2023,126373,Valinhos - SP,828,179,4954597.8,9541,474.25,218.5,69.33333333333333,151965165.95,149584987.37,142469543.2,141413266.47
355630,2023,24241,Valparaíso - SP,146,33,1226102.1,1459,46.5,55.0,31.0,34203575.94,33119743.39,31529739.0,30717055.69
355635,2023,10512,Vargem - SP,49,4,374775.63,505,4.454545454545454,,,7720698.66,7677028.01,7248306.24,7241365.68
355640,2023,40133,Vargem Grande do Sul - SP,114,16,942835.55,1187,127.5,50.0,31.0,40923246.58,39282648.95,35731367.88,34765682.79
355645,2023,50415,Vargem Grande Paulista - SP,292,45,2161346.93,3278,53.0,40.0,0.0,64278490.13,64235783.55,62436664.16,61886617.63
355650,2023,115771,Várzea Paulista - SP,489,89,3483599.88,5446,58.333333333333336,34.0,32.0,57651457.11,48027145.12,47686010.07,46944486.76
355660,2023,10176,Vera Cruz - SP,64,11,602950.73,707,18.916666666666668,72.0,0.0,10491263.2,9886986.36,8330693.43,8235838.33
355670,2023,76540,Vinhedo - SP,85,14,1099369.95,1530,324.1666666666667,103.0,62.0,157763782.92,147925551.57,140697251.36,137110302.8
355680,2023,17414,Viradouro - SP,61,13,491999.5,543,48.25,48.0,30.0,16393000.0,15099233.43,15099233.43,15099233.43
355690,2023,8109,Vista Alegre do Alto - SP,21,2,171607.73,217,9.88888888888889,,,9636100.0,9488027.34,9471082.88,9471082.88
355695,2023,1794,Vitória Brasil - SP,11,2,87713.28,128,3.0,,,3163590.0,3082512.23,3082512.23,3054801.75
355700,2023,127923,Votorantim - SP,668,183,4395731.85,8680,133.16666666666666,122.0,74.0,130322722.8,121636726.75,119335109.9,114141224.09
355710,2023,96634,Votuporanga - SP,901,111,7619783.09,8191,473.3333333333333,257.4166666666667,140.33333333333334,82718400.0,75524525.61,75524525.61,73512251.16
355715,2023,2692,Zacarias - SP,20,4,192651.83000000002,214,3.0,,,7057770.98,6528176.37,6483687.7,6475172.43
355720,2023,12211,Chavantes - SP,104,23,660126.87,841,24.416666666666668,51.0,30.0,9130319.52,9028914.12,8968127.42,8404858.59
355730,2023,11295,Estiva Gerbi - SP,71,12,547949.29,937,17.75,,,12000502.15,11985728.8,11975728.8,11858643.31
350010,2024,35642,Adamantina - SP,335,59,2116637.02,3360,186.75,206.0,146.0,32669960.0,32274939.82,31411732.07,30226635.81
350020,2024,4478,Adolfo - SP,93,20,972250.5599999999,854,5.0,,,8203519.0,8195174.96,8195174.96,8071786.67
350030,2024,32888,Aguaí - SP,289,52,2068169.65,2570,74.58333333333333,24.0,24.0,29350871.56,29323397.35,27189539.9,26795470.05
350040,2024,7470,Águas da Prata - SP,58,13,319444.08,416,6.416666666666667,,,9380013.0,8491290.81,8320047.87,8155340.29
350050,2024,18245,Águas de Lindóia - SP,96,5,978478.14,1092,52.333333333333336,42.0,30.0,33198380.52,30183328.76,29158655.32,29156955.42
350055,2024,7407,Águas de Santa Bárbara - SP,44,4,420213.93,621,10.916666666666666,,,11595550.27,11582246.33,11509874.01,11264474.34
350060,2024,2829,Águas de São Pedro - SP,36,11,319184.87,367,5.0,,,11401617.22,10971595.51,10240026.44,10115898.68
350070,2024,38879,Agudos - SP,281,48,1756493.28,2959,39.75,54.0,38.0,51357230.68,51344261.21,51193856.8,47377306.45
350075,2024,6330,Alambari - SP,31,6,174400.53,346,10.0,,,7061598.52,7059774.65,7026991.02,6840659.17
350080,2024,4556,Alfredo Marcondes - SP,33,7,165159.87,393,8.0,,,5238450.0,4887396.93,4682467.33,4512273.26
350090,2024,3479,Altair - SP,52,16,301261.86,465,8.0,,,10791550.0,10067289.86,10067289.86,9884986.15
350100,2024,17156,Altinópolis - SP,127,17,1053009.47,1058,49.833333333333336,21.0,19.0,22204309.06,20715731.1,20491894.91,19635735.57
350110,2024,3883,Alto Alegre - SP,55,13,266737.77,400,8.0,22.0,19.0,9032207.0,8084255.84,8084255.84,8084255.84
350115,2024,17591,Alumínio - SP,58,19,379081.72,757,16.916666666666668,120.0,0.0,30546290.8,27406193.91,24644234.69,24154898.9
350120,2024,3978,Álvares Florence - SP,71,9,501617.24,467,6.0,,,7407000.0,6890574.13,6890574.13,6791846.86
350130,2024,28250,Álvares Machado - SP,121,21,1201176.56,1416,26.0,18.0,16.0,18805301.47,18785064.09,18635868.01,18416347.49
350140,2024,4896,Álvaro de Carvalho - SP,38,16,367885.36,570,4.0,,,4237631.99,4326953.82,4290671.47,4095899.27
350150,2024,2923,Alvinlândia - SP,22,6,222075.24,231,3.0,,,5107549.8,4171247.64,3926922.37,3881268.01
350160,2024,246655,Americana - SP,1013,167,9255870.94,15017,1093.9166666666667,506.4166666666667,162.66666666666666,278436008.1,246757873.13,244337043.18,230853050.35
350170,2024,33757,Américo Brasiliense - SP,208,49,1500267.73,2065,37.0,257.0,257.0,37524826.05,37238222.75,34609282.21,29753936.6
350180,2024,5975,Américo de Campos - SP,77,13,855351.08,640,11.0,,,8020809.63,7790255.41,7766990.87,7067591.04
350190,2024,69717,Amparo - SP,459,84,3256567.73,4493,317.75,386.0,225.0,86790815.12,73837015.25,72656490.85,67826105.02
350200,2024,4684,Analândia - SP,17,3,81167.98,136,8.0,,,9650889.15,9096789.93,8881970.6,8696372.67
350210,2024,61473,Andradina - SP,543,116,3157769.36,4454,321.5,111.33333333333333,72.33333333333333,75096800.04,71939471.17,71834599.5,70781286.28
350220,2024,24512,Angatuba - SP,66,2,439640.07,847,44.666666666666664,57.0,54.0,31179843.36,30616624.08,30500764.53,28613294.95
350230,2024,5766,Anhembi - SP,52,5,632424.44,584,9.0,,,13323830.0,13090358.88,13039673.6,12007393.83
350240,2024,4108,Anhumas - SP,19,5,203002.71,276,9.3,,,4982300.0,4708574.06,4688135.58,4360801.09
350250,2024,33223,Aparecida - SP,382,60,3154892.86,5018,48.916666666666664,101.0,74.66666666666667,29407879.93,29326724.66,28506812.99,27477216.95
350260,2024,4124,Aparecida d'Oeste - SP,43,5,283205.12,450,7.0,13.666666666666666,12.666666666666666,8324753.0,7593038.15,7592938.15,6359198.85
350270,2024,24886,Apiaí - SP,109,22,1116154.98,1530,49.083333333333336,51.0,45.0,16104747.91,15215930.2,15104181.9,14789803.83
350275,2024,22168,Araçariguama - SP,87,21,627572.65,1165,22.583333333333332,,,42259808.25,39881255.2,37267460.2,36056164.75
350280,2024,207775,Araçatuba - SP,1320,290,13371442.24,16079,587.75,532.0833333333334,359.0833333333333,153661888.43,146683553.48,141205191.18,139167937.99
350290,2024,33656,Araçoiaba da Serra - SP,123,23,1152163.52,2000,39.416666666666664,330.0,7.5,29644624.0,27152235.91,25006689.29,24723313.36
350300,2024,5526,Aramina - SP,43,9,242888.6,342,13.454545454545455,,,8148153.0,8014881.3,7806215.58,7635213.96
350310,2024,7050,Arandu - SP,75,7,614481.74,796,4.2,6.0,6.0,12250210.48,11995714.43,11896957.93,11593316.61
350315,2024,2355,Arapeí - SP,30,9,162553.37,219,3.0,,,8876826.94,7023104.69,7002634.59,6834001.23
350320,2024,252318,Araraquara - SP,1474,295,11435337.7,14057,932.0,611.1666666666666,335.5,290775857.85,277367613.09,273354578.36,248174633.8
350330,2024,135331,Araras - SP,759,121,5312820.29,7534,349.1666666666667,464.5,235.25,96208429.93,96006265.81,90928206.03,80110106.04
350335,2024,2085,Arco-Íris - SP,42,9,225526.16,425,2.0,,,6111000.0,5536300.57,5535996.97,5498124.82
350340,2024,8280,Arealva - SP,77,12,595733.29,912,13.5,29.5,15.0,8746700.0,8332590.17,8221169.48,8062310.17
350350,2024,3625,Areias - SP,39,6,243331.04,419,4.909090909090909,,,6840142.7,6644786.43,6594896.77,6033862.73
350360,2024,10257,Areiópolis - SP,75,11,751634.55,925,15.0,,,8505239.33,8296913.34,8292083.38,7887817.2
350370,2024,7653,Ariranha - SP,43,2,425053.92,396,14.272727272727273,,,15268337.77,18234575.03,18234470.14,17405082.82
350380,2024,53157,Artur Nogueira - SP,208,36,2123065.3,2843,107.58333333333333,12.0,12.0,46563433.95,45256773.8,44723651.3,44453009.44
350390,2024,89943,Arujá - SP,316,33,2708236.83,3907,81.58333333333333,76.0,36.0,102471690.76,100005903.59,100005903.59,99544033.24
350395,2024,1873,Aspásia - SP,23,5,243373.43,242,2.0,,,4160534.06,4039563.92,4019723.23,3999465.8
350400,2024,104642,Assis - SP,1200,307,7512677.72,11401,550.3333333333334,337.0,193.0,95621844.37,82268365.41,83524680.37,75529097.68
350410,2024,166043,Atibaia - SP,652,63,5797881.57,7789,464.6666666666667,321.0,68.0,178046339.45,175295436.55,174179523.01,170920709.9
350420,2024,13873,Auriflama - SP,108,10,956878.52,1062,33.0,44.0,35.0,19774419.92,17371345.81,16700712.58,16666022.51
350430,2024,4519,Avaí - SP,45,7,286143.03,443,4.0,,,8317540.0,8159133.71,8159133.71,7922562.49
350440,2024,11438,Avanhandava - SP,119,28,779157.49,1456,16.166666666666668,,,15613046.98,16382063.96,15647911.41,15436172.0
350450,2024,96098,Avaré - SP,684,131,6905739.07,8985,319.3333333333333,205.0,158.0,87119912.36,84242705.23,81754722.66,73963742.58
350460,2024,28909,Bady Bassitt - SP,327,104,3144733.7,3101,16.75,,,30103600.0,28842738.84,28223488.89,26374178.87
350470,2024,3963,Balbinos - SP,18,2,66209.58,161,5.0,,,5688060.0,5390455.7,5390455.7,5281367.81
350480,2024,9854,Bálsamo - SP,118,37,999114.67,997,8.0,,,10484114.95,10483747.15,10400785.08,9764787.66
350490,2024,10109,Bananal - SP,58,5,388734.09,492,17.25,15.0,15.0,11642536.46,11489585.76,11432288.49,11313287.26
350500,2024,3618,Barão de Antonina - SP,35,2,410361.07,477,4.0,,,5780900.0,5758037.12,5758037.12,5758037.12
350510,2024,5659,Barbosa - SP,68,14,379358.19,524,3.0,,,8560440.34,8438931.34,8438931.34,7505909.54
350520,2024,32405,Bariri - SP,231,33,2359036.5,3315,109.66666666666667,65.0,52.0,34765923.58,34557163.85,34517978.51,33155795.12
350530,2024,35159,Barra Bonita - SP,212,31,1782121.86,2341,109.25,58.0,36.0,44813039.27,43116673.36,40003312.86,38772784.53
350535,2024,5256,Barra do Chapéu - SP,19,5,159441.98,195,6.666666666666667,,,6852722.8,6546503.3,6274653.1,6107223.85
350540,2024,6922,Barra do Turvo - SP,40,10,231723.54,441,8.0,,,10122600.0,10018134.45,9871561.21,9706132.65
350550,2024,126600,Barretos - SP,1786,383,14445628.78,17972,359.25,619.0,504.5,111325894.0,111045680.84,110557745.71,97307238.52
350560,2024,33181,Barrinha - SP,188,46,1748902.76,1817,48.75,,,32270858.77,26498133.04,26256855.52,25536559.55
350570,2024,330339,Barueri - SP,2237,344,17203158.4,30651,649.5,642.9166666666666,512.75,1029281580.7,1007920519.48,990840963.46,985633741.06
350580,2024,21900,Bastos - SP,290,64,1574604.28,2694,42.583333333333336,30.75,20.333333333333332,28547022.54,23273324.08,22407894.21,21115614.95
350590,2024,59873,Batatais - SP,602,125,4304607.7,5313,317.5,141.0,108.0,58877315.24,51654792.11,49536949.06,46767882.74
350600,2024,391740,Bauru - SP,2873,518,19650815.16,34501,1015.75,1540.4166666666667,849.9166666666666,298093104.12,282306557.1,276233551.68,265822883.96
350610,2024,78210,Bebedouro - SP,653,138,4933157.76,5983,373.5833333333333,195.83333333333334,145.16666666666666,93366906.06,89783136.9,87331566.36,75980213.58
350620,2024,2642,Bento de Abreu - SP,13,1,183130.78,277,2.2222222222222223,,,7837120.0,7069230.51,7069230.51,6987473.33
350630,2024,11852,Bernardino de Campos - SP,127,39,942731.7,1114,21.0,24.333333333333332,24.333333333333332,13618083.3,13480302.3,13467772.3,13173931.39
350635,2024,66873,Bertioga - SP,277,43,2307621.62,3307,105.41666666666667,49.0,49.0,132286826.27,129322627.75,123371653.56,122368377.84
350640,2024,7455,Bilac - SP,31,7,296483.49,306,13.0,36.0,35.0,10776550.0,9725331.16,9475400.25,9472993.15
350650,2024,122988,Birigui - SP,725,155,5953850.75,7871,311.3333333333333,166.0,76.0,108075539.29,107530567.01,102645826.14,89404566.32
350660,2024,30526,Biritiba Mirim - SP,152,28,1228627.82,1552,24.0,13.0,13.0,18556060.62,17276101.58,17199234.11,16892537.63
350670,2024,13135,Boa Esperança do Sul - SP,94,20,696823.22,911,19.0,16.0,15.0,15995281.41,16048034.33,15973053.91,15624397.55
350680,2024,11467,Bocaina - SP,80,13,540090.65,927,23.416666666666668,18.0,18.0,14903296.12,13977823.85,13150801.84,12450496.37
350690,2024,10688,Bofete - SP,89,9,1051559.72,1297,12.916666666666666,,,16306125.11,15427527.83,14948245.1,14390564.98
350700,2024,63415,Boituva - SP,204,31,1892140.24,2961,145.5,62.416666666666664,47.416666666666664,65777714.29,65732333.22,65180333.22,63223137.82
350710,2024,22501,Bom Jesus dos Perdões - SP,172,18,1459542.73,1731,24.583333333333332,13.0,13.0,32569686.86,25712041.54,24489520.19,23314344.55
350715,2024,3610,Bom Sucesso de Itararé - SP,34,4,233069.95,479,7.0,,,6885040.94,6207877.75,5995530.73,5489305.24
350720,2024,928,Borá - SP,13,0,109447.64,80,2.0,,,4619423.09,4472894.18,4457164.14,4426235.31
350730,2024,4823,Boracéia - SP,62,13,412480.32,564,6.0,,,9425300.0,9194505.62,9194505.62,9193835.0
350740,2024,14415,Borborema - SP,137,18,924603.2,940,38.666666666666664,26.0,16.0,21908417.5,20382974.81,18858676.83,18846961.5
350745,2024,2787,Borebi - SP,24,6,140445.49,307,4.0,,,8547318.1,7212493.58,7133987.1,7034238.62
350750,2024,150442,Botucatu - SP,1082,146,12135980.99,12769,799.75,935.0,605.0,137321694.84,133241304.66,117926862.67,117895190.64
350760,2024,184634,Bragança Paulista - SP,1036,114,8536447.31,10380,529.5833333333334,462.5833333333333,250.08333333333334,158785873.17,156050214.43,151864353.15,144376426.5
350770,2024,5466,Braúna - SP,37,4,133542.93,225,4.0,,,7902271.2,7585540.76,7437540.76,7368762.53
350775,2024,2605,Brejo Alegre - SP,28,3,351593.35000000003,410,4.3,,,6974406.42,6639842.87,6638392.87,6592643.8
350780,2024,26167,Brodowski - SP,225,46,2074690.59,2115,57.5,,,23488027.11,23141354.94,23057588.79,18547075.59
350790,2024,24423,Brotas - SP,190,30,1717163.61,2249,82.66666666666667,42.0,36.0,36340559.59,33428389.15,31892026.49,31294927.15
350800,2024,20674,Buri - SP,134,20,1036885.62,1595,24.666666666666668,,,25114100.0,23599513.36,23425604.46,22995326.34
350810,2024,17597,Buritama - SP,108,27,950834.08,1132,33.583333333333336,42.0,26.416666666666668,22187449.11,21088359.58,20796480.64,19903498.37
350820,2024,4447,Buritizal - SP,22,5,179465.49,298,7.222222222222222,,,10606800.0,10432718.45,10284278.88,10055587.54
350830,2024,4362,Cabrália Paulista - SP,33,5,241941.2,409,4.0,,,8272044.44,7862034.93,7836265.44,7836265.44
350840,2024,48473,Cabreúva - SP,285,50,1878805.78,2998,43.833333333333336,66.0,15.0,105309992.06,89285768.02,86684342.37,85256949.56
350850,2024,99678,Caçapava - SP,649,142,5478893.28,8148,357.9166666666667,409.25,325.25,94781263.81,90905073.91,86748852.18,84632106.75
350860,2024,32482,Cachoeira Paulista - SP,251,43,1952499.33,2839,80.08333333333333,31.583333333333332,31.583333333333332,24130286.34,24122456.5,23322237.75,20178598.41
350870,2024,17266,Caconde - SP,101,20,804127.57,759,47.25,51.75,51.75,15251659.12,16351389.62,16218788.37,15877389.2
350880,2024,16905,Cafelândia - SP,130,29,840097.81,1255,47.666666666666664,45.0,34.0,23088025.57,20766126.45,20118810.27,18970841.03
350890,2024,3745,Caiabu - SP,26,4,244386.73,230,5.333333333333333,,,5407723.53,5403114.23,5372522.96,5283615.39
350900,2024,98257,Caieiras - SP,404,68,3840634.29,5733,111.33333333333333,160.25,92.25,86574529.47,85305399.15,79393452.38,78819444.03
350910,2024,5585,Caiuá - SP,43,12,258157.87,436,7.0,,,7839000.0,7364209.3,7320588.1,6692473.2
350920,2024,97363,Cajamar - SP,269,52,2305705.14,3823,116.75,151.0,41.0,171164210.0,141978249.0,140481075.3,137366168.97
350925,2024,29257,Cajati - SP,214,55,1491002.77,2410,46.0,,,47896009.0,40017367.86,38448178.39,37695057.21
350930,2024,9232,Cajobi - SP,127,27,762923.33,1002,12.0,32.0,25.0,11115000.0,10700887.95,10700874.51,10428190.17
350940,2024,24217,Cajuru - SP,126,13,1411013.47,1364,80.08333333333333,140.0,55.0,26144395.61,26039098.76,25552037.77,24221849.74
350945,2024,6077,Campina do Monte Alegre - SP,43,6,302174.97,530,5.0,,,6043781.0,5907365.11,5875174.9,5128999.9
350950,2024,1185977,Campinas - SP,7299,1189,64591421.12,100424,3096.4166666666665,3681.75,1713.4166666666667,1728253381.26,1595478081.0,1546696871.17,1520396779.24
350960,2024,79663,Campo Limpo Paulista - SP,715,188,4035076.82,6972,56.166666666666664,66.0,66.0,73263023.72,70583607.39,69356838.97,68495586.71
350970,2024,47983,Campos do Jordão - SP,228,37,2197124.54,2605,101.83333333333333,195.0,185.0,51189653.43,46874254.44,46136736.11,45808367.52
350980,2024,4991,Campos Novos Paulista - SP,40,6,358392.5,513,5.0,,,10136310.0,10032567.27,10001111.56,9947303.73
350990,2024,12489,Cananéia - SP,119,23,724057.72,1465,10.0,,,22790161.92,11352205.52,11304711.58,10477142.48
350995,2024,5049,Canas - SP,75,17,464128.35,748,3.0,,,3722837.46,3513715.07,3502308.07,3399868.87
351000,2024,30172,Cândido Mota - SP,199,29,1530267.98,1581,88.5,30.0,25.0,33267678.06,32763673.63,32272998.94,31760438.76
351010,2024,2951,Cândido Rodrigues - SP,19,2,163729.82,167,2.0,,,8950259.0,5022655.24,4982237.24,4178582.97
351015,2024,6524,Canitar - SP,78,19,453924.51,739,5.0,,,5612949.5,5136748.96,5044797.44,4969746.96
351020,2024,47403,Capão Bonito - SP,230,42,1592252.35,2547,64.83333333333333,63.0,55.0,44592000.0,42355140.23,41677607.38,40295001.94
351030,2024,23597,Capela do Alto - SP,103,17,890781.61,1718,20.083333333333332,53.166666666666664,8.166666666666666,22003377.79,21119268.0,19343594.34,18986428.53
351040,2024,51318,Capivari - SP,437,91,2978474.06,4029,150.66666666666666,121.0,68.0,43745889.72,42649152.11,42516034.65,40415328.77
351050,2024,141084,Caraguatatuba - SP,1356,338,9141842.39,17292,262.8333333333333,399.0,329.0,202819757.88,186770877.76,183892824.69,159148512.03
351060,2024,398462,Carapicuíba - SP,2455,522,18330286.13,33115,153.91666666666666,323.1666666666667,275.0,143447893.28,135517830.27,134887586.77,133996041.09
351070,2024,11491,Cardoso - SP,124,13,938590.58,950,23.0,31.0,10.0,14563200.0,14462607.72,14415009.5,12664402.96
351080,2024,28786,Casa Branca - SP,105,15,880008.3,917,96.33333333333333,353.0,345.0,29880700.0,24404665.36,24395643.77,24218988.32
351090,2024,2855,Cássia dos Coqueiros - SP,30,10,281694.88,234,5.0,,,6011726.86,6010451.83,5701899.34,5654287.59
351100,2024,20418,Castilho - SP,151,27,847423.86,1071,35.583333333333336,31.0,30.0,41418000.0,40691695.14,40397070.45,40388891.67
351110,2024,119172,Catanduva - SP,723,124,7166609.09,8082,628.25,697.0,420.6666666666667,102999988.24,89490860.22,88611162.38,86902698.01
351120,2024,7105,Catiguá - SP,37,7,253030.82,385,13.25,,,9378745.0,8855651.68,8852576.65,8291575.63
351130,2024,13160,Cedral - SP,138,31,1476692.81,1318,19.166666666666668,60.0,0.0,16319210.47,14754795.03,13798959.07,13460875.32
351140,2024,22076,Cerqueira César - SP,140,15,1423865.35,1635,37.666666666666664,39.0,36.0,24676246.62,23819777.58,23713746.07,23619153.65
351150,2024,46217,Cerquilho - SP,114,19,959164.43,1517,154.33333333333334,40.0,27.0,50544121.31,49268318.88,49268318.88,49268318.88
351160,2024,19588,Cesário Lange - SP,66,6,438545.85,748,22.166666666666668,27.0,23.0,21845620.0,21375277.75,21324187.26,21324187.26
351170,2024,15798,Charqueada - SP,129,21,1157166.95,1346,23.833333333333332,33.583333333333336,26.0,14841918.28,15460606.18,15083432.21,14545746.18
351190,2024,7087,Clementina - SP,38,6,347228.25,437,12.0,24.0,21.0,9521940.81,9316389.43,9316389.43,9316389.43
351200,2024,18842,Colina - SP,322,104,1919490.04,2472,50.583333333333336,64.0,51.0,32405200.0,27082132.45,26862284.94,25653457.96
351210,2024,6781,Colômbia - SP,76,20,608235.8,712,13.0,20.0,20.0,15828647.06,15458405.61,14730238.71,13707564.13
351220,2024,29034,Conchal - SP,176,25,1381368.27,1746,42.75,50.833333333333336,40.0,28064995.24,27882227.82,27068188.36,26850001.67
351230,2024,15381,Conchas - SP,90,9,1044912.92,1100,44.166666666666664,15.0,14.0,15660717.29,15655760.1,15651963.89,14857898.4
351240,2024,25130,Cordeirópolis - SP,139,21,1319731.5,1360,56.583333333333336,,,52922809.13,36076288.39,35979788.22,34600840.61
351250,2024,5498,Coroados - SP,37,7,261897.94999999998,392,2.0,,,9538000.0,8535890.43,8533621.47,8213554.27
351260,2024,4295,Coronel Macedo - SP,23,2,208980.43,270,6.0,2.0,2.0,7441866.22,7123792.36,7105637.27,7105637.27
351270,2024,4285,Corumbataí - SP,17,2,98903.03,117,5.0,2.0,2.0,8410750.0,8268452.51,8103782.22,8103782.22
351280,2024,61204,Cosmópolis - SP,395,111,2816860.86,4288,82.0,81.0,47.0,40811403.12,40430280.64,40059795.76,37852715.25
351290,2024,8968,Cosmorama - SP,90,10,654287.78,655,8.75,,,9791846.98,9481464.98,9444053.54,8700464.49
351300,2024,287004,Cotia - SP,1321,213,10907818.0,16827,288.0833333333333,622.3333333333334,169.16666666666666,191649979.8,189380630.34,189380630.34,164429287.08
351310,2024,34252,Cravinhos - SP,243,32,2264980.85,2121,102.75,15.0,13.0,47935617.6,37509491.84,36855002.21,36668892.09
351320,2024,9543,Cristais Paulista - SP,56,10,646706.46,599,13.5,,,11199630.03,11120367.17,11120367.17,11120367.17
351330,2024,2129,Cruzália - SP,19,3,156180.75,120,3.0,,,5123997.0,4771945.13,4621432.03,4575959.01
351340,2024,76513,Cruzeiro - SP,919,203,6328446.65,9366,327.5833333333333,141.0,101.0,74076936.99,68272034.99,67734186.71,60701207.49
351350,2024,115082,Cubatão - SP,848,178,5873044.8,10861,169.58333333333334,146.91666666666666,145.58333333333334,283287784.54,267514342.39,252614972.98,243140521.13
351360,2024,22456,Cunha - SP,111,15,963875.3,1068,24.916666666666668,40.0,25.0,15921755.89,16428980.31,16383854.16,16122415.35
351370,2024,32622,Descalvado - SP,233,43,1776383.58,2121,135.91666666666666,40.0,25.0,36001886.17,31157987.49,30927028.04,30473336.44
351380,2024,404118,Diadema - SP,2367,401,21846187.86,37443,226.58333333333334,678.75,618.75,398920129.8,340315517.01,318854703.22,301504759.02
351385,2024,1641,Dirce Reis - SP,15,2,117621.40000000001,95,3.0,,,4525768.0,4388610.49,4387820.66,4350445.83
351390,2024,11314,Divinolândia - SP,82,12,596865.21,580,22.0,186.0,186.0,10637344.99,11695545.46,11386883.71,10816839.67
351400,2024,8958,Dobrada - SP,66,15,580928.0,610,14.083333333333334,,,7379800.0,6343241.25,6061002.51,5992349.79
351410,2024,24855,Dois Córregos - SP,150,27,1201163.7,1971,51.833333333333336,67.0,47.0,27119394.57,24656340.41,22781440.45,21978702.84
351420,2024,2250,Dolcinópolis - SP,31,7,422372.75,411,3.0,,,4547060.0,3607358.16,3605600.09,3253764.16
351430,2024,8186,Dourado - SP,104,24,725540.88,905,18.583333333333332,13.5,13.5,16107325.46,12958504.6,12706355.88,12019020.19
351440,2024,46664,Dracena - SP,498,165,2951282.29,4874,263.9166666666667,163.0,128.0,42509259.35,37408476.92,37323541.1,36842677.02
351450,2024,12529,Duartina - SP,91,10,605636.52,1025,50.0,87.0,77.0,12705455.12,11885112.34,11699574.13,11148807.01
351460,2024,9719,Dumont - SP,49,7,476481.41,396,5.5,,,9260390.0,8721531.45,8427453.3,8298586.08
351470,2024,6295,Echaporã - SP,61,10,518085.28,612,6.833333333333333,,,6852384.75,6849661.12,6790754.18,6773603.25
351480,2024,13162,Eldorado - SP,74,24,473298.82,797,17.0,2.0,2.0,15989638.62,15760739.27,15407195.08,14840290.28
351490,2024,18103,Elias Fausto - SP,102,19,769726.83,909,16.916666666666668,6.0,6.0,28082312.67,25765158.26,24616651.43,22130377.01
351492,2024,3189,Elisiário - SP,28,4,315888.69,402,4.0,,,4490389.73,4008379.27,4002379.27,3916934.55
351495,2024,2353,Embaúba - SP,6,2,73364.9,59,5.0,,,5702112.04,5545526.65,5545526.65,5545136.05
351500,2024,259323,Embu das Artes - SP,1271,175,13282924.47,19004,186.41666666666666,231.91666666666666,99.0,159748235.6,158998466.44,155505090.23,149665873.66
351510,2024,68805,Embu-Guaçu - SP,290,52,2567251.11,4171,48.583333333333336,15.0,15.0,52752249.9,52742751.24,52742751.24,46718795.67
351512,2024,3062,Emilianópolis - SP,12,4,84565.34,105,4.125,,,6376544.71,6267542.17,6256649.86,6177734.88
351515,2024,20139,Engenheiro Coelho - SP,99,21,963077.2,1048,47.833333333333336,,,27219273.9,23350092.13,22145943.38,18130185.31
351518,2024,40681,Espírito Santo do Pinhal - SP,383,85,2869412.86,4422,180.33333333333334,494.25,415.25,45396767.93,44466397.31,43416936.43,42288772.93
351519,2024,4217,Espírito Santo do Turvo - SP,40,7,411276.25,407,5.0,,,6974301.3,6861596.83,6836338.54,6780812.73
351520,2024,9655,Estrela d'Oeste - SP,112,11,845900.3,800,27.416666666666668,51.0,31.25,12690200.0,11110628.98,10563559.62,10459256.47
351530,2024,2749,Estrela do Norte - SP,22,4,156172.49,283,2.0,,,4425018.69,3398502.18,3301922.7,3147005.99
351535,2024,7928,Euclides da Cunha Paulista - SP,41,8,321530.44,488,17.636363636363637,,,6495002.55,6323377.76,6323377.76,6171734.19
351540,2024,16984,Fartura - SP,100,15,1119474.78,1163,40.0,20.0,12.0,21635219.93,20123761.13,19313928.77,18714304.38
351550,2024,73286,Fernandópolis - SP,777,116,6893058.39,6914,520.8333333333334,145.0,93.0,64416653.51,63279239.5,62899295.51,59332056.61
351560,2024,6066,Fernando Prestes - SP,46,9,390044.0,579,9.0,,,10601436.66,9539344.63,9490501.92,9206831.34
351565,2024,1689,Fernão - SP,17,2,124921.56999999999,125,3.0,,,7675419.0,7376296.77,5359595.46,5351605.22
351570,2024,185622,Ferraz de Vasconcelos - SP,745,127,6813787.14,9701,72.66666666666667,266.0,236.0,67009948.42,48819177.99,48294735.46,48252809.13
351580,2024,1492,Flora Rica - SP,12,7,102961.89,174,3.0,,,4955000.0,4477628.37,4438405.72,4377994.09
351590,2024,2756,Floreal - SP,31,2,284762.55,223,3.0,,,5789466.15,5507994.56,5507994.56,5507994.56
351600,2024,13171,Flórida Paulista - SP,73,11,546521.02,735,21.5,47.0,30.0,11664760.0,11389899.09,11204464.95,10717744.65
351610,2024,3987,Florínea - SP,49,11,441888.28,610,7.416666666666667,,,6993743.84,5815394.59,5815394.59,5738458.26
351620,2024,364331,Franca - SP,2251,549,21892921.79,25742,469.8333333333333,689.8333333333334,473.6666666666667,301256875.99,291789868.73,266723463.95,252662762.89
351630,2024,171107,Francisco Morato - SP,839,173,7020413.7299999995,11327,85.91666666666667,225.83333333333334,205.83333333333334,61474771.13,59588164.8,58248356.41,58169808.62
351640,2024,149786,Franco da Rocha - SP,685,121,6073781.02,10152,126.16666666666667,490.5,411.5,0.0,79272019.11,78699226.96,72529720.08
351650,2024,2811,Gabriel Monteiro - SP,13,1,119071.20999999999,188,3.75,,,6044500.0,5944758.05,5931988.82,5821023.73
351660,2024,6435,Gália - SP,89,12,815585.9,1095,12.5,45.0,27.0,8700196.89,8482386.55,8468986.71,8340584.42
351670,2024,43115,Garça - SP,565,156,3338049.72,5429,84.5,280.0,243.08333333333334,34513547.59,33852835.2,33566423.44,32309388.05
351680,2024,3235,Gastão Vidigal - SP,35,3,306803.08,331,2.0,,,5301000.0,4838201.84,4740306.3,4555670.76
351685,2024,4797,Gavião Peixoto - SP,35,7,267404.49,379,8.272727272727273,,,18867582.68,18664313.08,17055484.19,16560277.85
351690,2024,10449,General Salgado - SP,116,11,1060532.04,998,22.583333333333332,28.0,19.0,12415655.0,11249222.97,11248327.97,10685212.99
351700,2024,10355,Getulina - SP,84,18,608269.95,963,19.0,38.0,36.0,11109507.76,10743554.08,10734181.55,9944401.59
351710,2024,4173,Glicério - SP,51,14,323090.71,453,3.0,,,8561264.29,7965902.32,7739369.36,7673569.73
351720,2024,11459,Guaiçara - SP,93,23,527227.2,889,15.0,,,10224380.72,8951796.73,8947196.73,8726234.36
351730,2024,5606,Guaimbê - SP,47,12,442367.73,465,6.0,,,7323959.27,7054081.69,6933149.92,6744825.96
351740,2024,40424,Guaíra - SP,619,164,4368715.37,5441,98.33333333333333,66.0,51.75,37434777.53,38373269.58,37687235.16,36774346.92
351750,2024,22316,Guapiaçu - SP,261,58,2455589.56,2575,23.0,,,20793178.11,20633994.63,20633994.63,19434847.22
351760,2024,17256,Guapiara - SP,106,18,751701.36,1252,20.0,12.0,12.0,16490259.08,16490259.08,16490259.08,16490259.08
351770,2024,18790,Guará - SP,125,30,845495.4,907,61.333333333333336,50.833333333333336,46.5,22857145.36,21515816.45,20860983.93,19229998.39
351780,2024,7486,Guaraçaí - SP,67,16,418282.09,616,13.0,23.0,15.0,12989738.0,12123406.13,11733625.05,11519651.72
351790,2024,10542,Guaraci - SP,167,49,1213848.56,1560,19.0,,,19921826.0,16494545.16,16417937.06,16058937.06
351800,2024,1999,Guarani d'Oeste - SP,31,5,228487.36000000002,299,4.090909090909091,,,4886973.19,3660201.66,5794127.78,4811773.01
351810,2024,6531,Guarantã - SP,58,14,537711.01,720,6.0,,,10346671.35,9962969.63,9660651.58,9590509.72
351820,2024,31872,Guararapes - SP,141,21,1262313.54,1350,79.5,74.0,48.0,41870820.55,41252301.45,40657875.74,38944420.1
351830,2024,32436,Guararema - SP,158,26,1210786.03,1700,23.5,31.0,29.0,49414412.7,47751913.81,45944493.52,46605979.15
351840,2024,121710,Guaratinguetá - SP,1159,284,8064357.51,12296,420.9166666666667,370.0,210.0,125654248.52,122572432.95,116481642.8,110031716.0
351850,2024,15268,Guareí - SP,70,7,389871.66000000003,833,20.083333333333332,,,17680299.81,17048473.77,17004929.33,15833268.27
351860,2024,38609,Guariba - SP,218,34,2173852.82,2261,60.333333333333336,61.0,53.0,34579840.71,33633465.1,33364949.3,33316152.35
351870,2024,294973,Guarujá - SP,2143,436,17425218.06,29564,443.0,564.6666666666666,402.9166666666667,386292803.75,383387859.03,369089337.07,341273949.82
351880,2024,1345364,Guarulhos - SP,7280,1799,53994723.16,88959,1061.5,2292.3333333333335,1624.3333333333333,1136528405.5,1108729408.45,1102227204.3,1067625364.12
351885,2024,7462,Guatapará - SP,74,15,751118.74,825,11.0,,,11809130.0,10360465.01,10212060.16,9939532.09
351890,2024,4276,Guzolândia - SP,28,7,341873.24,422,3.0,,,7292200.0,6245743.71,6245043.71,6133706.72
351900,2024,9302,Herculândia - SP,123,31,713925.89,1232,16.083333333333332,58.0,58.0,10724987.22,10483435.87,10414522.22,10042999.81
351905,2024,15596,Holambra - SP,81,9,930454.16,1208,38.333333333333336,,,42068856.08,23729468.3,23269900.65,27497221.19
351907,2024,247331,Hortolândia - SP,1071,204,10058599.81,14956,225.25,123.0,91.0,213405005.0,207261691.34,203526558.28,202138407.88
351910,2024,10633,Iacanga - SP,100,14,645622.51,1138,20.75,30.0,28.0,15833947.29,15731631.01,15724017.01,15246180.07
351920,2024,6207,Iacri - SP,89,20,548904.28,812,7.0,,,7535450.0,6814399.32,6806890.93,6751723.67
351925,2024,8257,Iaras - SP,40,6,390247.06,439,9.0,,,8969026.0,8851622.23,8824078.27,7923550.26
351930,2024,33110,Ibaté - SP,306,66,1948692.47,2446,58.583333333333336,37.166666666666664,27.0,27064447.22,26891600.02,26617385.23,25878750.03
351940,2024,11934,Ibirá - SP,155,49,1327086.23,1252,22.416666666666668,27.0,9.0,11519177.87,11166502.58,11054372.36,10772072.04
351950,2024,6461,Ibirarema - SP,100,25,837383.23,1322,7.0,,,8276586.07,8208632.3,8208632.3,8161703.47
351960,2024,61908,Ibitinga - SP,707,181,4039718.04,5132,180.58333333333334,115.25,60.0,42607701.64,40632169.18,40409878.89,39469668.4
351970,2024,77651,Ibiúna - SP,285,37,2476462.14,4129,58.666666666666664,255.0,70.0,92465609.33,88608770.07,87605530.38,81201726.89
351980,2024,7969,Icém - SP,114,39,1240585.61,1093,22.166666666666668,,,14917200.0,14348021.02,14120050.32,13583908.03
351990,2024,7739,Iepê - SP,84,24,521257.54,676,25.0,18.0,18.0,17384633.68,15210681.71,15150907.0,14963174.41
352000,2024,23430,Igaraçu do Tietê - SP,153,33,1297051.61,1904,18.75,,,16577124.72,16214563.26,16209263.25,15667506.5
352010,2024,26755,Igarapava - SP,163,31,1136682.72,1207,75.91666666666667,44.0,33.0,28053970.11,28043889.48,27899179.78,27093697.59
352020,2024,10904,Igaratá - SP,150,16,1150901.52,1649,11.0,8.0,8.0,9846198.1,9493533.1,9391808.3,9080854.65
352030,2024,29881,Iguape - SP,197,51,1217733.27,2313,31.166666666666668,,,27169244.47,26974815.7,26933240.31,26514524.68
352040,2024,36329,Ilhabela - SP,395,87,2379452.29,4054,47.916666666666664,47.0,47.0,292548950.57,44908776.44,44908776.44,44908353.15
352042,2024,13955,Ilha Comprida - SP,128,30,925292.38,1272,13.0,,,25837200.0,21795317.49,21758707.28,21370897.04
352044,2024,26240,Ilha Solteira - SP,274,96,1666627.51,2472,131.91666666666666,112.75,82.75,39033530.0,36032762.58,35898873.4,34071657.72
352050,2024,267796,Indaiatuba - SP,1940,419,12548030.43,22222,398.0833333333333,531.0,310.9166666666667,356758907.17,318092572.07,309567532.26,303537772.84
352060,2024,5191,Indiana - SP,14,3,156840.4,168,9.0,,,7040811.68,6864163.49,6848563.49,6216727.08
352070,2024,4109,Indiaporã - SP,62,6,717668.33,728,7.0,36.0,4.0,8148906.64,7977323.22,7938281.22,7895892.17
352080,2024,3671,Inúbia Paulista - SP,44,8,302112.6,524,2.0,,,4680383.7,4301938.44,4277303.18,4196346.18
352090,2024,13933,Ipaussu - SP,128,27,1098279.02,1392,20.75,49.0,28.0,11907647.51,11624265.12,11620505.62,11198770.97
352100,2024,37999,Iperó - SP,127,20,1103172.01,1827,31.583333333333332,15.0,15.0,35043376.21,34442032.87,33545008.64,32161257.01
352110,2024,6999,Ipeúna - SP,33,8,264107.95,367,8.363636363636363,1.0,0.0,15051344.5,14496195.88,14221102.14,13950250.3
352115,2024,7037,Ipiguá - SP,103,24,1002894.62,873,3.0,,,9581134.37,9343199.52,9343199.52,9343199.52
352120,2024,4091,Iporanga - SP,19,6,102011.09,196,5.0,,,10532000.0,9659103.45,8832930.26,8658975.06
352130,2024,14691,Ipuã - SP,83,19,727312.4,779,63.916666666666664,50.333333333333336,42.666666666666664,20093800.0,19776351.73,19263312.7,18535622.04
352140,2024,22435,Iracemápolis - SP,110,20,1010833.3099999999,1172,30.25,3.0,3.0,47752080.25,21259879.07,21136523.5,18999667.24
352150,2024,6946,Irapuã - SP,48,7,332236.94,386,11.0,,,9752986.8,9808958.3,9762635.92,9650692.04
352160,2024,7145,Irapuru - SP,75,20,453618.6,765,9.0,,,6108585.0,4919408.93,4895253.03,4735522.92
352170,2024,18258,Itaberá - SP,81,15,586344.5,1005,26.0,19.0,19.0,31859841.92,29443711.65,28727605.05,28692222.02
352180,2024,25930,Itaí - SP,128,16,1555085.16,1673,26.083333333333332,35.5,34.666666666666664,40816603.0,39532579.93,38470614.49,38238176.18
352190,2024,17420,Itajobi - SP,100,18,884585.82,835,33.916666666666664,50.0,35.0,23983908.35,23702343.1,23709348.45,23619322.77
352200,2024,3702,Itaju - SP,22,4,136225.61,191,2.0,,,7628919.54,6986160.79,6986160.79,6986160.79
352210,2024,117435,Itanhaém - SP,1087,218,6602042.41,12311,102.25,183.33333333333334,180.66666666666666,104364376.89,104140521.7,103906602.64,85698223.04
352215,2024,3490,Itaoca - SP,11,3,94424.89,139,4.0,,,5210650.18,5209433.57,5080162.93,5080162.93
352220,2024,163928,Itapecerica da Serra - SP,967,133,8446875.2,13978,95.08333333333333,693.0,245.0,93560414.71,93306621.07,90853531.31,89210877.96
352230,2024,163774,Itapetininga - SP,869,152,6357050.76,12384,473.9166666666667,243.0,192.0,168498227.75,164554525.37,160400090.63,157715153.52
352240,2024,92324,Itapeva - SP,663,134,4371456.32,6778,349.4166666666667,182.0,134.0,84711210.83,84150684.46,82778123.08,82076470.43
352250,2024,241924,Itapevi - SP,1254,158,12252989.22,21401,133.58333333333334,455.8333333333333,260.0,192575482.32,192563471.45,189695006.91,185970699.28
352260,2024,73919,Itapira - SP,532,107,5059939.77,6854,172.41666666666666,922.4166666666666,547.0833333333334,72709070.0,69092426.36,68307292.68,66697057.78
352265,2024,4405,Itapirapuã Paulista - SP,17,2,131990.6,187,7.0,,,6567704.82,6522624.53,6510185.58,6408736.93
352270,2024,40464,Itápolis - SP,552,147,3145043.46,3820,110.25,90.0,64.0,48794261.9,45164603.75,43048478.3,42538483.35
352280,2024,14260,Itaporanga - SP,78,12,946938.5,986,22.333333333333332,42.0,30.0,21693124.92,17907908.06,17625154.07,17360643.93
352290,2024,13984,Itapuí - SP,130,21,1062891.19,1454,16.0,35.0,35.0,19308612.88,19186533.52,19186533.52,19003871.78
352300,2024,4014,Itapura - SP,44,14,256409.86000000002,339,5.333333333333333,,,6592454.34,6403230.08,6197461.29,5916745.69
352310,2024,382521,Itaquaquecetuba - SP,1510,213,13141358.17,20759,117.66666666666667,303.3333333333333,297.3333333333333,175406145.0,166855759.82,166855759.82,157459503.14
352320,2024,45327,Itararé - SP,184,22,1485487.82,2059,90.75,80.0,53.0,40260218.86,37563144.46,37203119.68,36787926.24
352330,2024,15762,Itariri - SP,102,20,501524.91000000003,958,12.5,,,17340244.49,17316418.78,17191912.96,16747792.56
352340,2024,126403,Itatiba - SP,710,143,3704480.92,5709,241.66666666666666,148.0,75.0,114305985.33,113426379.81,109022729.31,103801690.41
352350,2024,19427,Itatinga - SP,107,16,1244081.52,1298,23.916666666666668,14.0,7.0,18856270.0,17593650.68,17124726.13,16801537.63
352360,2024,16433,Itirapina - SP,90,12,635146.36,882,30.916666666666668,12.166666666666666,12.166666666666666,32241892.0,26299203.75,26114917.18,26110382.15
352370,2024,5861,Itirapuã - SP,22,3,199335.0,196,6.909090909090909,,,4365884.38,4234921.61,4211108.86,4170660.66
352380,2024,8210,Itobi - SP,52,7,326262.94,348,7.25,,,8137153.87,7626899.16,7205824.49,7126384.17
352390,2024,174561,Itu - SP,1157,228,7152115.2,10618,403.3333333333333,556.0,395.0,232423605.95,227023946.36,225649929.93,214445547.86
352400,2024,74119,Itupeva - SP,327,42,2027417.49,3231,81.41666666666667,88.0,50.0,136276147.81,130576301.48,126815110.05,112359356.41
352410,2024,38451,Ituverava - SP,365,84,2395913.04,3264,238.25,133.33333333333334,68.0,24516619.87,24325077.47,23978233.99,22358524.24
352420,2024,6293,Jaborandi - SP,85,22,667053.63,696,13.416666666666666,17.0,17.0,8549000.0,8168069.54,8124131.28,7969094.81
352430,2024,73467,Jaboticabal - SP,484,95,4305541.9799999995,5614,246.5,288.0,49.0,97204286.99,94301861.13,92800727.4,84946618.27
352440,2024,249968,Jacareí - SP,1934,332,13576788.97,19430,547.4166666666666,441.25,215.0,234708654.0,232097607.87,218030861.5,214602793.83
352450,2024,7878,Jaci - SP,119,33,1080965.61,914,7.416666666666667,216.0,168.0,6856005.0,6847048.89,6847048.89,6847048.89
352460,2024,16254,Jacupiranga - SP,127,33,729827.61,1287,24.0,,,20984922.82,20745174.2,19959152.15,19155575.03
352470,2024,61801,Jaguariúna - SP,620,140,4258782.72,6973,133.25,121.25,99.0,163003820.09,149045444.02,148672584.11,147882923.52
352480,2024,50017,Jales - SP,480,56,3779804.14,4103,236.91666666666666,178.0,126.0,32056142.96,32493930.3,32486790.7,31755858.4
352490,2024,6575,Jambeiro - SP,35,4,381416.66000000003,500,8.333333333333334,,,8530919.13,7877804.7,7672066.15,7110089.9
352500,2024,121988,Jandira - SP,458,74,4226437.36,6287,75.83333333333333,15.0,0.0,114764495.02,98746809.68,90484345.36,89002458.52
352510,2024,46868,Jardinópolis - SP,323,57,3058372.43,3361,76.83333333333333,,,57562785.85,51244564.86,47589562.69,44881866.96
352520,2024,39531,Jarinu - SP,229,43,1564585.77,2265,32.666666666666664,30.0,18.0,45542095.97,45215734.99,45060960.9,44349829.59
352530,2024,137323,Jaú - SP,1396,350,9977286.76,15640,511.4166666666667,985.0,638.0,126241042.81,119607330.2,116660583.57,109688761.83
352540,2024,3976,Jeriquara - SP,24,2,251735.65,308,3.0,,,6202550.0,6182242.58,6182242.58,6182242.58
352550,2024,13095,Joanópolis - SP,67,7,613583.34,678,23.583333333333332,11.5,11.5,15456366.8,13858191.57,13849980.55,13778324.95
352560,2024,4456,João Ramalho - SP,26,10,149651.46,233,6.0,,,6224564.81,6742761.66,6500387.71,6426242.37
352570,2024,37859,José Bonifácio - SP,474,139,4266109.07,3846,84.08333333333333,80.33333333333333,38.5,37087140.95,35060951.31,35060951.31,33499355.74
352580,2024,4308,Júlio Mesquita - SP,53,8,405428.36,549,4.0,,,6173101.0,5848175.69,5818028.13,5344699.8
352585,2024,3123,Jumirim - SP,10,0,138707.6,230,5.0,,,6286300.0,5473908.92,5432634.06,5416041.27
352590,2024,460313,Jundiaí - SP,3195,550,20354846.25,30926,2054.0833333333335,1256.4166666666667,580.25,802879501.74,726952171.55,703640593.44,698945232.72
352600,2024,20878,Junqueirópolis - SP,190,45,1206780.51,1805,37.333333333333336,46.0,25.0,23275055.21,23088828.1,23084740.47,23084740.47
352610,2024,17255,Juquiá - SP,153,28,890529.09,1650,16.0,,,11054600.34,10515855.81,10515855.81,10376962.31
352620,2024,28007,Juquitiba - SP,210,37,1712125.4,3005,19.25,1.0,1.0,24569991.21,24223919.46,23958272.89,22488206.85
352630,2024,5182,Lagoinha - SP,31,3,236160.38,324,9.0,,,8345500.0,6500343.69,6135242.91,5959501.77
352640,2024,27009,Laranjal Paulista - SP,134,17,1650392.06,1802,99.66666666666667,48.0,30.0,29546664.49,29546583.44,29443925.59,28744004.16
352650,2024,9909,Lavínia - SP,56,17,363738.26,559,9.0,,,9234335.79,8651806.9,8636688.7,8408622.42
352660,2024,7328,Lavrinhas - SP,89,22,716574.62,1081,9.333333333333334,,,8655645.0,8613067.99,8495595.09,7634994.05
352670,2024,101316,Leme - SP,642,123,4689694.8,6294,242.0,145.0,85.0,104923763.46,101869754.64,101258245.02,99319654.3
352680,2024,68395,Lençóis Paulista - SP,615,137,4346651.15,7199,311.3333333333333,181.0,49.25,65999474.63,65980022.44,65528830.33,65123720.62
352690,2024,300728,Limeira - SP,1812,293,18429755.82,20152,1113.3333333333333,529.3333333333334,239.0,219645844.96,196062412.87,192788664.4,182901278.58
352700,2024,7147,Lindóia - SP,26,3,238530.15,408,20.7,,,11541737.97,9665892.83,9662111.63,9536111.35
352710,2024,76729,Lins - SP,529,106,3648136.9,5568,601.6666666666666,389.75,295.25,63037408.94,60633968.61,56610858.39,56395759.67
352720,2024,87370,Lorena - SP,1089,288,6576013.53,10571,347.3333333333333,233.0,128.0,96176217.13,91399280.94,91241351.7,90352881.11
352725,2024,1968,Lourdes - SP,18,3,162717.86,205,4.0,,,353739.09,4735377.78,4588471.61,4484426.26
352730,2024,54111,Louveira - SP,204,26,1598740.51,2213,51.75,46.0,34.0,137420607.79,127578098.34,127578098.34,118603660.32
352740,2024,20372,Lucélia - SP,112,18,860131.04,1104,42.25,36.0,30.0,19206371.33,18325103.94,17754283.8,16556373.96
352750,2024,2419,Lucianópolis - SP,19,1,114855.56,181,3.0,,,6035841.06,5673025.07,5665667.22,5613044.74
352760,2024,12531,Luís Antônio - SP,71,12,528069.17,725,26.636363636363637,,,33067114.46,33005619.6,32497131.35,27562765.71
352770,2024,4751,Luiziânia - SP,44,14,192855.66,358,7.416666666666667,,,6961557.23,5826948.6,5669968.27,5329397.78
352780,2024,4017,Lupércio - SP,33,7,301296.08,345,4.0,,,5667024.0,5139520.08,5119445.54,5012283.98
352790,2024,2699,Lutécia - SP,50,16,347260.99,472,3.75,,,7977407.91,6866485.41,6798502.57,6739034.14
352800,2024,17120,Macatuba - SP,131,30,910984.9,1518,41.666666666666664,31.0,18.0,25299159.14,23875851.15,23303395.23,23232764.88
352810,2024,7587,Macaubal - SP,81,9,611266.85,594,10.833333333333334,15.0,10.0,7473366.16,7323048.58,7319147.38,7126335.2
352820,2024,4048,Macedônia - SP,48,4,317846.5,364,4.0,,,7109363.15,6945910.71,6916592.57,6274033.44
352830,2024,3212,Magda - SP,25,8,149814.4,181,4.0,,,8180535.0,6057996.68,6055540.18,5884575.65
352840,2024,51660,Mairinque - SP,238,32,1725671.05,2786,71.91666666666667,,,29610525.0,29554634.83,29036337.82,28567078.91
352850,2024,97399,Mairiporã - SP,315,47,2400575.3,4336,57.75,46.0,46.0,66619799.54,62601358.22,61723954.93,61257614.77
352860,2024,10092,Manduri - SP,78,11,841171.65,1047,13.083333333333334,,,11705807.59,11523693.39,11496698.17,10849535.78
352870,2024,4627,Marabá Paulista - SP,34,9,210729.64,353,5.636363636363637,,,8756091.09,8674925.71,8055775.46,7957626.81
352880,2024,12826,Maracaí - SP,93,20,786879.01,918,17.666666666666668,26.0,22.0,17698949.66,16120714.46,16290295.11,15884317.5
352885,2024,3392,Marapoama - SP,11,2,125024.05,92,4.0,,,8630882.31,8626194.52,8626162.26,8427579.54
352890,2024,3539,Mariápolis - SP,34,10,240335.14,407,4.0,,,6463398.15,5891807.74,5891807.74,5891807.74
352900,2024,246627,Marília - SP,2758,535,22336131.36,32442,1111.25,1039.0833333333333,712.3333333333334,184387611.6,183829075.77,178373392.14,150572150.63
352910,2024,1870,Marinópolis - SP,17,3,179903.63,161,3.0,,,4494829.35,4379157.92,4379157.92,4379157.92
352920,2024,25299,Martinópolis - SP,145,15,1197957.13,1812,45.416666666666664,42.083333333333336,37.5,25137766.24,23267729.55,23009904.54,22750563.73
352930,2024,80998,Matão - SP,669,180,5666264.06,7099,281.3333333333333,194.0,122.0,71460113.34,69666264.06,66730291.59,63080371.73
352940,2024,429380,Mauá - SP,2525,396,18932271.16,33263,376.5,617.5,312.0,261389925.17,233127911.77,232447043.49,230380205.89
352950,2024,6369,Mendonça - SP,81,22,793679.42,673,8.0,,,10648000.0,9917851.61,9917851.61,9805048.09
352960,2024,4697,Meridiano - SP,50,6,456592.01,500,7.0,,,8868150.0,8509102.39,8446197.18,7962059.93
352965,2024,1988,Mesópolis - SP,26,4,196632.72,275,3.0,,,5011275.84,4358095.24,4845900.97,4565793.25
352970,2024,19655,Miguelópolis - SP,151,29,1061226.98,1207,62.333333333333336,72.0,51.0,29144485.52,28125216.31,27747560.84,25080631.03
352980,2024,11349,Mineiros do Tietê - SP,80,20,642148.26,927,13.25,11.0,11.0,14770749.5,14191348.09,13459475.97,13435113.7
352990,2024,18679,Miracatu - SP,142,32,887146.7,1484,19.166666666666668,,,18655683.53,17686595.17,17427314.1,17200269.3
353000,2024,3199,Mira Estrela - SP,41,5,351127.9,331,5.0,,,7160390.0,6380698.62,6358698.62,6348451.53
353010,2024,28737,Mirandópolis - SP,258,81,1496517.54,2610,71.0,100.0,100.0,28949962.0,28412466.23,28412466.23,24987892.22
353020,2024,16069,Mirante do Paranapanema - SP,110,14,878928.42,1626,25.916666666666668,23.0,23.0,32045995.79,27329643.53,25850237.06,25366387.57
353030,2024,65485,Mirassol - SP,773,218,7900007.58,6688,162.0,79.0,28.0,67319408.9,57347447.11,51713118.02,49679623.17
353040,2024,4771,Mirassolândia - SP,59,20,493147.76,479,2.0,,,7722358.41,7110315.86,7109975.86,6745935.11
353050,2024,69324,Mococa - SP,770,218,4243472.12,5685,272.25,157.0,96.0,53883967.23,53066883.98,52770690.89,45063811.43
353060,2024,468120,Mogi das Cruzes - SP,2652,513,18972317.13,28386,478.4166666666667,1062.0833333333333,715.0833333333334,322798060.89,315356506.45,301914000.38,291602537.78
353070,2024,159735,Mogi Guaçu - SP,1105,210,9267400.55,14277,436.5833333333333,395.6666666666667,194.0,104205502.06,160035584.57,153347486.69,145023403.61
353080,2024,95534,Mogi Mirim - SP,668,177,5386958.81,7970,296.0,207.83333333333334,133.0,108126418.32,104539594.52,100134269.41,96246344.61
353090,2024,3815,Mombuca - SP,41,6,295365.99,407,4.0,,,6588300.0,6508170.8,6370528.9,5892338.65
353100,2024,1954,Monções - SP,13,1,99276.39,93,7.0,,,6152680.93,5340591.7,5888536.81,5987529.52
353110,2024,64519,Mongaguá - SP,541,119,3328290.36,6861,43.833333333333336,36.0,36.0,75861406.83,72629237.74,66054477.35,65475355.03
353120,2024,8873,Monte Alegre do Sul - SP,63,14,582072.32,686,19.166666666666668,,,7921262.03,7890346.47,7826557.96,7427111.25
353130,2024,48725,Monte Alto - SP,729,151,4981780.5,7673,249.83333333333334,124.0,66.0,47575319.99,49605042.98,44056071.45,43801133.91
353140,2024,22650,Monte Aprazível - SP,245,66,2550057.69,2031,56.666666666666664,80.0,30.0,27313716.73,26558087.48,25238723.19,24669545.1
353150,2024,18363,Monte Azul Paulista - SP,136,29,1111738.77,1270,57.916666666666664,70.0,51.0,25503476.12,22543413.6,22541127.6,20976691.5
353160,2024,4301,Monte Castelo - SP,49,14,321469.48,540,6.0,,,7142593.19,6760990.62,6752608.58,6762607.83
353170,2024,4205,Monteiro Lobato - SP,28,6,254321.42,284,8.727272727272727,,,5712929.28,5200815.51,5043363.3,4989962.23
353180,2024,67296,Monte Mor - SP,257,27,2817035.95,3600,72.33333333333333,35.0,26.0,58299446.89,57877305.19,57836929.05,55049484.43
353190,2024,28561,Morro Agudo - SP,299,94,1747531.55,2474,92.75,61.0,47.0,49677614.23,49676820.01,49450663.14,46004995.32
353200,2024,14081,Morungaba - SP,63,14,449127.9,631,24.666666666666668,12.583333333333334,12.0,22545859.89,11022052.59,9291942.99,8979760.86
353205,2024,4079,Motuca - SP,33,8,223539.15,278,6.0,,,9237279.2,8041225.02,7661588.84,7442926.41
353210,2024,3763,Murutinga do Sul - SP,32,9,210232.40000000002,233,6.0,,,5858638.0,5830874.78,5829674.78,5781523.3
353215,2024,2699,Nantes - SP,18,7,111346.62,141,6.0,,,7237746.0,9950041.02,9812252.04,9676704.81
353220,2024,5908,Narandiba - SP,24,0,168288.77000000002,301,6.0,,,8750580.0,7808376.86,7765895.66,7417585.17
353230,2024,7134,Natividade da Serra - SP,39,11,487176.77,572,6.0,,,7941655.09,7229782.93,7227283.74,7096831.43
353240,2024,18620,Nazaré Paulista - SP,135,12,1116859.81,1340,10.0,22.0,22.0,25309960.02,23848654.55,22640120.98,21616120.37
353250,2024,9921,Neves Paulista - SP,128,43,1332515.28,1168,14.583333333333334,21.0,10.0,11920000.0,10121695.25,10121695.25,9851948.56
353260,2024,9944,Nhandeara - SP,76,6,574895.55,615,45.5,129.0,35.0,13035508.0,12853066.53,12802993.0,11104899.58
353270,2024,4860,Nipoã - SP,63,13,641458.15,582,4.5,,,7136734.59,6270231.0,6208379.08,6131124.65
353280,2024,6858,Nova Aliança - SP,110,28,1084441.81,1089,5.0,,,8495000.0,7800210.34,7780332.04,7535079.88
353282,2024,8631,Nova Campina - SP,44,9,316169.0,464,10.0,,,10557121.4,10000304.56,9843969.13,9512918.12
353284,2024,2058,Nova Canaã Paulista - SP,46,9,336526.76,349,3.0,,,5039841.44,4350966.36,4350186.56,4296663.21
353286,2024,1074,Nova Castilho - SP,5,0,27156.65,24,3.25,,,5153010.0,4387379.55,4380569.55,4366301.39
353290,2024,9459,Nova Europa - SP,58,8,482626.93,546,24.666666666666668,16.5,12.25,15758009.84,14981782.87,14352613.74,14253080.68
353300,2024,19725,Nova Granada - SP,321,92,3295599.47,2735,37.166666666666664,62.0,21.0,21578773.39,21201008.67,21197561.67,18593501.78
353310,2024,2188,Nova Guataporanga - SP,23,8,133458.7,180,5.6,,,3409597.4,3790415.17,3790415.17,3749568.65
353320,2024,4795,Nova Independência - SP,36,11,235003.9,387,8.363636363636363,,,11953290.0,9473371.66,9383870.56,8901859.58
353325,2024,4469,Novais - SP,39,7,378904.9,432,4.090909090909091,,,6818700.0,5798819.52,5741140.22,5522748.89
353330,2024,2838,Nova Luzitânia - SP,14,4,104118.73999999999,67,5.0,,,5628999.93,4824879.75,4821891.89,4780010.11
353340,2024,64228,Nova Odessa - SP,222,35,2081557.87,2731,90.75,37.916666666666664,35.0,100645542.64,100599670.99,99279754.5,92317415.06
353350,2024,39435,Novo Horizonte - SP,361,73,2526065.28,2948,130.83333333333334,83.0,49.0,51912059.82,49693485.9,48782619.91,46032079.96
353360,2024,7550,Nuporanga - SP,37,9,291770.14,456,23.083333333333332,,,12537687.45,12272889.55,11736063.76,11550912.42
353370,2024,4412,Ocauçu - SP,40,7,524790.22,631,4.0,,,7585443.73,6966579.08,6655532.79,6380213.4
353380,2024,2540,Óleo - SP,32,11,252529.9,245,4.166666666666667,,,4882000.0,4266981.71,4266981.71,4266981.71
353390,2024,56701,Olímpia - SP,645,155,4422466.18,5618,193.83333333333334,86.0,52.0,55421526.0,54986918.91,53057196.35,53057196.35
353400,2024,4912,Onda Verde - SP,97,25,914678.09,844,7.0,,,9408500.0,8210799.67,8210799.67,7912109.95
353410,2024,6180,Oriente - SP,50,13,361130.93,457,13.0,,,7849000.0,7570550.16,7568301.91,7518224.85
353420,2024,6145,Orindiúva - SP,72,18,611452.78,562,17.0,,,11417850.0,10026138.86,10026138.86,10016046.63
353430,2024,39193,Orlândia - SP,145,29,1610003.83,1448,228.33333333333334,98.0,60.0,47509195.11,44772402.34,43388200.37,43388200.37
353440,2024,756952,Osasco - SP,3892,641,31336111.79,52608,1212.8333333333333,1187.9166666666667,742.4166666666666,1014346448.19,869497575.69,834121340.87,816988313.25
353450,2024,2504,Oscar Bressane - SP,42,6,316197.08,432,4.0,,,5062825.33,5023748.19,4824544.89,4630826.8
353460,2024,32099,Osvaldo Cruz - SP,183,17,1868036.73,2050,108.33333333333333,88.75,61.416666666666664,23603290.55,23436738.81,23436738.81,23436738.81
353470,2024,106877,Ourinhos - SP,1450,422,10723788.14,14208,496.3333333333333,225.0,134.33333333333334,99096116.57,94244123.19,93990455.24,86594409.22
353475,2024,10596,Ouroeste - SP,116,22,1033389.31,897,35.0,33.0,28.0,27369914.71,23913487.51,23860081.98,20780356.94
353480,2024,7901,Ouro Verde - SP,110,28,766243.2,1146,10.0,,,6384713.4,7475832.84,7475832.84,6990566.96
353490,2024,15217,Pacaembu - SP,84,11,773480.66,826,34.333333333333336,,,13546006.72,12814370.28,12432303.63,11871346.07
353500,2024,11689,Palestina - SP,156,48,1476313.76,1279,24.0,,,22948100.0,20297418.31,19773908.78,18862075.28
353510,2024,9709,Palmares Paulista - SP,69,10,652254.12,900,21.166666666666668,,,12349312.92,8757916.24,8746699.79,8451980.28
353520,2024,8994,Palmeira d'Oeste - SP,121,15,1254578.26,1225,16.0,20.0,12.0,9637375.06,10202699.46,10202699.46,9799876.63
353530,2024,19767,Palmital - SP,141,24,1156555.77,1449,50.5,43.0,29.0,27589938.28,26891412.13,26537309.32,25661327.99
353540,2024,15214,Panorama - SP,133,30,724136.63,1268,19.416666666666668,,,17345964.57,16929603.7,16851355.21,16044865.3
353550,2024,42087,Paraguaçu Paulista - SP,617,174,4498783.16,6094,131.5,113.0,89.0,45106752.83,38923683.13,35188084.12,32981086.93
353560,2024,17950,Paraibuna - SP,111,34,887885.39,1267,20.583333333333332,,,20891994.23,19955196.5,19156694.92,18445659.54
353570,2024,6211,Paraíso - SP,41,7,456684.06,426,11.916666666666666,,,10675050.0,9875509.24,9839289.47,9742819.65
353580,2024,19799,Paranapanema - SP,127,18,1581682.9,1780,53.25,21.0,21.0,39300400.09,35773727.8,31983942.02,31352120.16
353590,2024,4111,Paranapuã - SP,38,4,297687.08999999997,406,2.0,,,6247157.2,6373966.38,6316615.72,6059100.92
353600,2024,10729,Parapuã - SP,88,10,608489.63,990,10.5,32.0,26.0,12626211.0,12496666.49,12482114.55,11580395.16
353610,2024,7382,Pardinho - SP,42,4,593273.06,543,4.0,,,9929500.0,9535708.51,9478024.09,9249802.71
353620,2024,19576,Pariquera-Açu - SP,161,28,1072815.21,1797,32.666666666666664,178.5,178.5,19524000.0,18803798.0,17868084.88,17596597.05
353625,2024,3001,Parisi - SP,36,7,353694.47,270,2.0,,,5401700.0,4785392.57,4785392.57,4418311.67
353630,2024,14837,Patrocínio Paulista - SP,64,8,745832.85,792,18.583333333333332,35.0,23.0,15365000.0,13272431.66,13020641.35,12393767.37
353640,2024,8200,Paulicéia - SP,70,22,473860.71,697,8.416666666666666,,,11473000.0,11294372.49,11288490.77,10394145.42
353650,2024,115690,Paulínia - SP,815,136,5151673.94,9262,240.08333333333334,110.0,106.0,493694855.57,490884926.55,450747587.72,444504583.67
353657,2024,2146,Paulistânia - SP,19,6,94061.1,150,2.3333333333333335,,,6325500.0,6249449.23,6249449.23,6249449.23
353660,2024,7430,Paulo de Faria - SP,117,34,1101828.3800000001,1085,10.0,24.0,18.0,13307128.0,12321025.94,12310507.55,12005108.57
353670,2024,46223,Pederneiras - SP,488,120,2849656.9,5360,102.33333333333333,73.0,64.0,60634793.04,57347408.66,55398999.94,55005781.27
353680,2024,6718,Pedra Bela - SP,47,7,365291.18,417,5.0,,,8121231.0,7802558.31,7654588.84,7298921.6
353690,2024,2848,Pedranópolis - SP,26,4,148838.03,201,6.0,,,6248073.6,5272245.19,5266286.74,4298229.31
353700,2024,15742,Pedregulho - SP,72,13,683559.6900000001,722,25.75,64.0,55.0,22799306.34,19950779.24,16341935.99,15866819.4
353710,2024,44332,Pedreira - SP,176,29,1804693.52,2299,83.5,92.33333333333333,85.66666666666667,48731490.0,41901597.18,41352551.61,40439707.42
353715,2024,2838,Pedrinhas Paulista - SP,35,4,207646.37,212,8.166666666666666,,,7211000.0,6932817.53,6767626.64,6597421.1
353720,2024,11539,Pedro de Toledo - SP,65,14,289272.01,575,14.0,3.0,3.0,10500011.94,10376819.22,10366079.22,9777530.89
353730,2024,63317,Penápolis - SP,678,170,3470334.37,5489,240.33333333333334,150.0,132.0,71424506.81,57730541.55,56724051.91,55855452.05
353740,2024,24389,Pereira Barreto - SP,132,25,892307.93,1099,85.75,56.0,50.0,37113100.0,32773342.01,32550486.91,31233609.74
353750,2024,8969,Pereiras - SP,52,9,611135.01,643,13.0,,,9826777.0,9621102.31,9593952.55,9249206.09
353760,2024,70543,Peruíbe - SP,659,139,4088386.92,8069,96.33333333333333,21.0,18.0,90074478.98,88835876.09,88116048.58,74391594.07
353770,2024,5623,Piacatu - SP,29,8,306025.69,332,10.1,,,7489126.65,7094016.15,7094016.15,6964725.74
353780,2024,54237,Piedade - SP,204,23,1910464.6199999999,2840,78.16666666666667,79.0,59.0,45952537.08,44689805.62,42961178.01,42925201.2
353790,2024,28417,Pilar do Sul - SP,105,17,995343.26,1263,35.0,35.0,27.0,29751378.85,27371328.63,27193114.88,27193114.88
353800,2024,172027,Pindamonhangaba - SP,1184,271,10813629.59,18077,489.5,319.0,163.0,194996978.0,191117788.63,186668355.46,179059398.56
353810,2024,14721,Pindorama - SP,68,14,619231.28,624,22.5,,,24655873.72,17606786.89,16365832.68,15963005.0
353820,2024,15605,Pinhalzinho - SP,136,15,1147376.75,1207,23.916666666666668,,,16500408.35,15680112.1,13936689.52,13743996.9
353830,2024,3296,Piquerobi - SP,36,12,396079.49,416,3.0,,,6926220.32,6910140.48,6802347.37,3333532.29
353850,2024,12570,Piquete - SP,176,35,1113851.5,1980,15.75,,,12143242.51,12012134.59,11759135.95,11256508.5
353860,2024,26764,Piracaia - SP,167,11,1590071.64,1783,35.25,53.666666666666664,28.0,23648822.71,23418830.37,23097559.79,22103009.66
353870,2024,438827,Piracicaba - SP,2852,524,24952968.3,30517,1337.3333333333333,922.1666666666666,482.9166666666667,399956600.0,388845823.5,378167296.21,375288105.39
353880,2024,30261,Piraju - SP,137,9,1565898.18,1713,93.66666666666667,68.0,49.0,30591040.8,30359573.51,29495480.68,27139976.5
353890,2024,22743,Pirajuí - SP,145,26,1045609.28,1848,70.25,290.0,85.0,20049915.0,18848189.64,18261479.42,18051187.85
353900,2024,11076,Pirangi - SP,76,14,715804.94,922,25.75,47.0,22.0,14258103.84,13808009.51,13208946.91,12593879.3
353910,2024,18836,Pirapora do Bom Jesus - SP,96,13,865890.64,1429,14.583333333333334,,,15430944.39,14984287.52,14278554.6,14235682.21
353920,2024,26065,Pirapozinho - SP,148,26,1422783.08,1787,39.5,,,24707000.0,20856955.21,20804366.54,20116323.72
353930,2024,75475,Pirassununga - SP,486,116,3251329.94,4976,330.8333333333333,194.0,72.0,81942390.9,59848368.47,59548883.79,57397529.8
353940,2024,15554,Piratininga - SP,121,22,763854.61,1330,16.916666666666668,24.166666666666668,21.0,17816881.0,17129213.91,17042773.11,17032103.69
353950,2024,34416,Pitangueiras - SP,219,36,2042759.81,2046,83.83333333333333,56.0,32.0,37796537.33,37340755.79,35491331.92,34272442.33
353960,2024,4454,Planalto - SP,60,19,614367.27,548,4.916666666666667,,,11666206.84,11076078.72,11014350.76,10265629.99
353970,2024,3061,Platina - SP,38,7,341185.51,460,2.0,,,10329543.9,8285525.3,7912410.48,7546576.45
353980,2024,106431,Poá - SP,424,58,3998065.5,5047,86.0,10.0,10.0,70839459.91,69176305.63,67966915.62,67202322.41
353990,2024,5696,Poloni - SP,81,28,747485.4,732,10.2,,,5114056.12,6022885.73,6022885.73,6022885.73
354000,2024,20512,Pompéia - SP,153,19,1287616.68,1615,131.83333333333334,26.0,19.0,42089026.72,40035939.27,39809659.11,38856302.12
354010,2024,3443,Pongaí - SP,25,4,136895.48,204,2.0,,,5954021.61,5935760.16,5935760.16,5865828.42
354020,2024,38376,Pontal - SP,218,36,2181190.7399999998,2334,91.0,38.0,30.0,36882670.29,32411185.5,31596947.98,29716721.96
354025,2024,4196,Pontalinda - SP,52,10,548930.26,779,2.0,,,5304184.0,4515404.41,4447497.1,4266590.55
354030,2024,2415,Pontes Gestal - SP,25,4,201112.5,184,4.0,,,7958759.32,7915761.43,7744143.11,7405028.23
354040,2024,4185,Populina - SP,38,7,259550.68,383,7.416666666666667,18.0,6.0,5031559.87,5031417.57,5031417.57,4465143.72
354050,2024,10773,Porangaba - SP,71,11,844495.73,909,16.0,,,10172000.0,9601778.99,9052739.59,9028514.23
354060,2024,58345,Porto Feliz - SP,82,14,781866.51,1312,100.58333333333333,84.66666666666667,60.75,80735222.78,75778850.76,73341212.33,71923787.52
354070,2024,53940,Porto Ferreira - SP,340,70,2402917.5,3134,220.75,61.0,37.0,47584740.92,46973813.63,45810928.92,42481490.06
354075,2024,20767,Potim - SP,194,38,1434553.47,2449,22.75,,,14981102.71,14380050.49,13090132.74,12702795.42
354080,2024,18994,Potirendaba - SP,245,66,2430381.57,2220,23.25,32.0,28.0,16678567.0,16104161.51,16032334.31,15098806.43
354085,2024,2599,Pracinha - SP,21,4,165026.8,179,3.0,,,3990510.0,3869957.49,3794975.27,3643444.92
354090,2024,17309,Pradópolis - SP,111,20,1002638.75,1059,31.083333333333332,,,17231692.66,16198164.68,16025291.95,15141161.7
354100,2024,365577,Praia Grande - SP,1779,277,13459477.84,22999,355.9166666666667,486.5,267.5,405329842.74,391248165.99,370166148.33,365090893.56
354105,2024,5246,Pratânia - SP,30,3,267389.91000000003,385,4.0,,,5990853.66,5703303.42,5660147.05,5597288.89
354110,2024,3841,Presidente Alves - SP,27,3,163680.36000000002,291,3.0,,,5867382.37,5840674.18,5762324.18,5699796.85
354120,2024,14772,Presidente Bernardes - SP,72,11,718384.6,915,34.916666666666664,51.0,40.5,14609900.0,15709715.08,15707914.08,15560133.6
354130,2024,40383,Presidente Epitácio - SP,189,41,1702341.22,2220,80.83333333333333,78.0,68.0,46788855.18,37265421.83,34659298.72,32524393.31
354140,2024,234083,Presidente Prudente - SP,1251,177,10516735.26,16481,1157.5833333333333,1315.3333333333333,849.0,188654412.62,187540286.5,185978490.04,165288989.12
354150,2024,35902,Presidente Venceslau - SP,382,116,2511156.48,3456,120.41666666666667,112.0,72.0,29053400.9,27064412.87,25506165.4,25289738.63
354160,2024,35991,Promissão - SP,356,60,2188639.4899999998,3490,75.33333333333333,73.58333333333333,73.58333333333333,33025575.34,32878626.5,32085421.14,30049836.76
354165,2024,3472,Quadra - SP,32,5,187733.24,282,5.0,,,7562033.7,7284985.43,6634802.06,6489186.35
354170,2024,13399,Quatá - SP,113,32,588393.85,807,39.0,,,18854975.01,18095078.59,17741269.31,17741269.31
354180,2024,3351,Queiroz - SP,48,12,317076.54,542,3.0,,,9254098.42,8120625.41,8092841.56,7555590.21
354190,2024,9146,Queluz - SP,89,21,578648.91,910,11.083333333333334,19.0,19.0,10591456.51,10591422.76,10515928.41,10312450.47
354200,2024,7225,Quintana - SP,53,7,472053.3,647,20.916666666666668,,,10581086.33,9713115.51,9571027.49,9520225.26
354210,2024,9133,Rafard - SP,69,13,618591.66,727,5.0,,,12192380.0,11569740.18,11567519.51,10786265.18
354220,2024,29305,Rancharia - SP,378,110,2066867.5,2991,81.08333333333333,115.0,81.0,25951214.65,24916452.27,24292522.38,23513084.49
354230,2024,4611,Redenção da Serra - SP,44,11,665238.38,717,5.0,,,5855634.05,4753844.47,4753844.47,4642711.45
354240,2024,20565,Regente Feijó - SP,102,21,836502.46,1318,37.666666666666664,44.25,35.25,17054045.05,16553250.6,15944553.41,14753438.43
354250,2024,7808,Reginópolis - SP,58,4,366135.2,545,10.0,,,12248142.0,11904535.27,11891659.87,11451285.63
354260,2024,61732,Registro - SP,410,109,2418083.18,4184,147.16666666666666,279.8333333333333,222.16666666666666,56722401.06,55496065.59,54391708.09,53882792.41
354270,2024,6492,Restinga - SP,67,7,600354.2,787,6.0,,,8941031.34,8941031.34,8912057.41,8065345.46
354280,2024,3166,Ribeira - SP,22,4,159471.86,197,8.0,,,7208665.43,6896610.27,5924599.84,5851421.78
354290,2024,11079,Ribeirão Bonito - SP,113,25,640589.58,955,32.666666666666664,13.0,10.0,14377100.12,12493558.39,12336204.32,12124681.65
354300,2024,18930,Ribeirão Branco - SP,105,15,860622.5,1397,17.583333333333332,28.0,28.0,16938008.98,16668719.17,16519162.37,15998063.32
354310,2024,4706,Ribeirão Corrente - SP,28,4,176143.01,154,5.0,,,7091566.68,7026227.02,6864303.15,6762342.69
354320,2024,4768,Ribeirão do Sul - SP,71,14,472256.74,684,3.0,,,10392800.0,9960834.21,9522328.01,9381366.34
354323,2024,2045,Ribeirão dos Índios - SP,9,2,71665.34,85,2.0,,,4996300.0,4594903.58,4546218.71,4059531.03
354325,2024,7570,Ribeirão Grande - SP,66,12,482075.58,775,4.833333333333333,,,4391300.0,4111610.21,4111610.21,3880055.46
354330,2024,118877,Ribeirão Pires - SP,569,76,4634107.8,6848,138.58333333333334,168.0,43.0,99633555.51,99455633.56,99455633.56,98724878.24
354340,2024,728400,Ribeirão Preto - SP,4507,863,40953351.46,47086,2960.1666666666665,2704.9166666666665,1702.4166666666667,621678499.49,606360958.45,591748174.79,552684615.24
354350,2024,5647,Riversul - SP,34,1,232784.26,417,4.0,,,8238084.85,7703077.11,7348208.93,7216264.41
354360,2024,4158,Rifaina - SP,29,7,391172.99,331,7.0,,,10513100.0,10285835.01,10272362.34,10272362.34
354370,2024,9145,Rincão - SP,64,12,426502.26,554,13.0,,,11898643.56,10723780.55,10683519.11,10318501.1
354380,2024,9357,Rinópolis - SP,128,23,925974.26,1162,9.583333333333334,24.0,23.0,9082000.0,9931829.36,9926878.4,9923647.4
354390,2024,208857,Rio Claro - SP,910,149,7449580.83,9280,766.6666666666666,456.5,240.5,95358280.25,231267003.12,216665226.59,181482654.49
354400,2024,32267,Rio das Pedras - SP,189,45,1835866.93,2069,91.33333333333333,72.0,64.0,26105844.0,26074924.97,26074924.97,26032479.97
354410,2024,45317,Rio Grande da Serra - SP,256,35,2079039.54,3484,21.0,,,17239471.59,17065275.71,16959656.16,15767697.79
354420,2024,10453,Riolândia - SP,78,8,741132.52,667,14.666666666666666,36.0,25.0,17770610.0,17536750.93,17285493.05,16105334.06
354425,2024,17533,Rosana - SP,81,15,686176.76,919,36.666666666666664,74.5,74.5,30102000.0,29115801.2,28761381.32,28362828.47
354430,2024,11095,Roseira - SP,127,24,941080.4400000001,1442,15.5,14.0,14.0,12670477.06,12508840.32,12459739.88,12342929.07
354440,2024,2741,Rubiácea - SP,13,5,127583.9,168,5.0,,,5338731.0,5154071.41,5070333.48,4918814.01
354450,2024,3965,Rubinéia - SP,67,12,439180.56,525,3.0,,,6357723.47,5434160.78,5434160.78,5377737.15
354460,2024,5185,Sabino - SP,45,9,270884.12,509,7.0,,,8260016.88,8071098.63,7807462.47,7598418.3
354470,2024,2519,Sagres - SP,12,2,205213.87,140,2.0,,,4291648.0,3965777.68,3422845.87,3850013.92
354480,2024,6612,Sales - SP,43,6,411168.09,528,6.0,,,10942762.1,13444848.96,13441087.51,12983582.66
354490,2024,11654,Sales Oliveira - SP,51,5,474986.8,541,51.666666666666664,30.0,20.0,18660929.49,18423840.86,17694673.02,17153297.91
354500,2024,15396,Salesópolis - SP,84,13,692875.04,1054,14.272727272727273,11.0,11.0,11347470.91,10537668.6,10323048.46,9867032.95
354510,2024,4883,Salmourão - SP,21,5,136702.48,183,4.0,,,4035910.0,3877921.04,3816901.13,3697596.18
354515,2024,8371,Saltinho - SP,60,8,526493.3,590,7.583333333333333,,,12604779.31,12146571.25,11577723.7,11577723.7
354520,2024,140125,Salto - SP,681,105,4008656.27,6961,224.58333333333334,126.0,126.0,143132487.54,142563277.1,138645638.41,138645638.41
354530,2024,45138,Salto de Pirapora - SP,156,27,1257310.03,2056,86.16666666666667,53.666666666666664,44.666666666666664,42914738.74,41679273.31,40996917.75,40419216.42
354540,2024,9212,Salto Grande - SP,119,28,908139.58,1162,9.0,34.0,22.0,9487068.95,9429753.22,9376740.82,8945665.58
354550,2024,3699,Sandovalina - SP,26,1,244999.59,355,4.0,,,10968950.0,9600226.05,9150225.34,8814965.74
354560,2024,14203,Santa Adélia - SP,64,10,707889.74,626,36.63636363636363,22.636363636363637,17.363636363636363,19647000.0,16685913.16,16516501.69,16333975.88
354570,2024,6543,Santa Albertina - SP,100,11,1127712.74,953,8.916666666666666,,,13259500.0,12320692.39,12170001.93,11866464.9
354580,2024,189338,Santa Bárbara d'Oeste - SP,1090,229,7612616.46,12086,383.0,226.5,138.5,166865092.75,166862853.11,164995049.59,144672611.9
354600,2024,14212,Santa Branca - SP,122,20,837054.89,1253,13.0,,,13733584.29,12679860.08,12220080.59,11658835.51
354610,2024,2677,Santa Clara d'Oeste - SP,43,15,271547.7,300,4.0,,,4450365.35,4646366.59,4600596.87,4548641.0
354620,2024,4365,Santa Cruz da Conceição - SP,33,5,196408.95,275,4.0,,,6496275.57,5955180.82,5854320.81,5854320.81
354625,2024,2162,Santa Cruz da Esperança - SP,24,1,168003.91,111,8.0,,,5021099.0,4797500.43,4682650.84,4588571.42
354630,2024,29525,Santa Cruz das Palmeiras - SP,136,22,1102555.3,1283,78.75,34.916666666666664,25.0,26911100.0,25108548.07,24872755.78,23710057.93
354640,2024,47677,Santa Cruz do Rio Pardo - SP,528,131,3299581.86,4247,170.16666666666666,123.0,80.33333333333333,73223036.02,71521952.28,71255811.87,70435912.64
354650,2024,6256,Santa Ernestina - SP,45,6,403179.43,499,6.0,,,5751865.53,5451824.04,5371913.93,5243822.8
354660,2024,36098,Santa Fé do Sul - SP,508,98,4071420.33,4426,151.58333333333334,91.0,67.0,28891948.93,27983914.83,27983914.81,27376726.05
354670,2024,24107,Santa Gertrudes - SP,110,12,1166619.26,1328,49.75,,,46066240.55,36276533.46,35067646.91,34280709.68
354680,2024,54586,Santa Isabel - SP,465,111,3177768.21,5564,52.0,90.0,78.0,51146302.1,50148283.3,49965408.85,48763709.6
354690,2024,7181,Santa Lúcia - SP,33,10,215121.79,294,5.0,8.0,0.0,7385441.49,7260583.3,6914848.44,6734450.92
354700,2024,5314,Santa Maria da Serra - SP,65,10,712367.9500000001,786,8.416666666666666,6.0,6.0,11038446.24,10543846.76,10461787.74,7424169.06
354710,2024,3012,Santa Mercedes - SP,22,10,114798.01,184,8.0,,,4804875.34,4748601.98,4732511.98,4732511.98
354720,2024,1698,Santana da Ponte Pensa - SP,14,2,83942.25,84,3.0,,,2577503.72,4198961.19,4198961.19,4198961.19
354730,2024,162341,Santana de Parnaíba - SP,564,91,5232731.54,7671,89.33333333333333,68.0,66.0,361294000.0,324649135.99,301726969.99,294336715.7
354740,2024,2790,Santa Rita d'Oeste - SP,47,8,503282.36,446,4.0,,,1623771.31,4286181.17,4286181.17,4230976.98
354750,2024,25060,Santa Rita do Passa Quatro - SP,156,23,1567239.83,1433,82.41666666666667,259.5833333333333,247.58333333333334,28426120.08,28107795.86,26955357.2,26392588.92
354760,2024,23725,Santa Rosa de Viterbo - SP,150,22,1352287.67,1555,74.25,32.0,19.0,25184574.95,23520033.12,22466211.95,22087859.99
354765,2024,1686,Santa Salete - SP,14,3,113585.56,181,2.0,,,4128230.0,3870016.98,3848967.48,3778587.57
354770,2024,18045,Santo Anastácio - SP,114,16,859039.96,1444,47.25,56.0,37.0,10883766.9,10576374.97,10568248.53,10350107.48
354780,2024,778711,Santo André - SP,5123,821,37476914.41,49267,1052.5833333333333,2016.5,970.5,671244383.65,665077486.21,643819087.55,602209130.04
354790,2024,6917,Santo Antônio da Alegria - SP,76,13,715334.84,724,20.083333333333332,9.0,9.0,6783830.0,6157511.89,6095004.1,5501262.25
354800,2024,23779,Santo Antônio de Posse - SP,143,21,1270026.31,1668,46.416666666666664,,,27921101.5,27390118.15,26573752.15,26176989.45
354805,2024,8568,Santo Antônio do Aracanguá - SP,33,6,241300.44,342,5.0,,,16388390.7,16196494.51,16189944.89,14940924.61
354810,2024,6237,Santo Antônio do Jardim - SP,94,18,917939.83,1231,8.0,,,7782666.33,7744151.49,7581813.33,7503269.74
354820,2024,7294,Santo Antônio do Pinhal - SP,38,8,307483.02,448,19.0,,,6626562.66,5774105.12,5699672.09,5677996.67
354830,2024,3063,Santo Expedito - SP,22,4,135947.2,239,3.888888888888889,,,4828839.92,4115192.16,4049869.81,4002563.32
354840,2024,3933,Santópolis do Aguapeí - SP,17,4,138404.5,215,3.0,,,5424003.79,4463186.07,4101154.84,4080926.31
354850,2024,429567,Santos - SP,3252,658,25958551.09,36808,1830.3333333333333,2027.0,897.0,621629946.0,619167938.5,604644070.49,593376917.57
354860,2024,11948,São Bento do Sapucaí - SP,64,7,704720.39,724,17.333333333333332,40.0,26.0,8941148.55,8716974.92,7579889.53,7413647.71
354870,2024,840499,São Bernardo do Campo - SP,5148,713,51400859.02,66102,1160.1666666666667,2145.5833333333335,866.4166666666666,904085330.52,886359109.02,819000773.4,817732459.24
354880,2024,172109,São Caetano do Sul - SP,1742,355,11610233.14,17237,802.1666666666666,1027.9166666666667,229.5,476509131.18,469909266.6,467463963.31,463967552.5
354890,2024,265294,São Carlos - SP,2662,661,15982996.64,22598,1068.8333333333333,506.8333333333333,247.66666666666666,268084232.26,259319942.59,245212800.1,241623165.66
354900,2024,2629,São Francisco - SP,37,6,323303.54,388,5.0,,,5363440.0,4635860.66,4610207.06,4538068.2
354910,2024,95762,São João da Boa Vista - SP,661,131,4061177.47,5835,695.0,225.33333333333334,112.41666666666667,83463909.11,77098500.95,75519391.78,73757428.01
354920,2024,2622,São João das Duas Pontes - SP,31,3,260346.11,245,2.0,,,3955293.89,3626834.88,3626389.38,3506500.59
354925,2024,1880,São João de Iracema - SP,15,2,62299.14,96,4.0,,,5106300.0,4773151.58,4730607.14,4718433.84
354930,2024,2288,São João do Pau d'Alho - SP,28,7,173271.04,247,6.0,,,5771736.16,5485763.24,5485763.24,5338780.09
354940,2024,49815,São Joaquim da Barra - SP,364,97,3039003.7399999998,3612,209.25,110.75,75.08333333333333,46632787.08,42039846.56,41518301.12,40537318.6
354950,2024,7690,São José da Bela Vista - SP,51,16,523291.25,692,8.0,,,8025768.48,7911547.55,7904561.93,7533223.89
354960,2024,3898,São José do Barreiro - SP,31,5,226410.04,306,5.0,,,5942510.04,5926489.48,5919631.15,5780347.56
354970,2024,53416,São José do Rio Pardo - SP,413,109,2330053.97,3021,202.25,150.0,86.0,7388399.31,36422175.79,35870987.62,33521125.23
354980,2024,501597,São José do Rio Preto - SP,3931,828,36217628.75,37886,1400.0833333333333,2671.3333333333335,1357.0,426512541.35,423178627.31,417364057.6,414556339.23
354990,2024,724756,São José dos Campos - SP,4137,928,32494340.12,46406,1617.75,1904.0833333333333,919.3333333333334,794988776.43,767810885.94,742501341.2,716352470.61
354995,2024,16458,São Lourenço da Serra - SP,95,13,756722.82,1210,13.666666666666666,60.0,0.0,11808916.49,11265162.83,11223378.08,10759256.81
355000,2024,10497,São Luiz do Paraitinga - SP,45,5,304742.7,477,9.0,25.0,16.0,12252270.0,9861761.05,9606057.88,9544579.35
355010,2024,38166,São Manuel - SP,272,46,2618886.64,3209,110.75,70.0,49.25,38265187.0,38095311.04,37220496.62,36287253.67
355020,2024,32904,São Miguel Arcanjo - SP,132,23,947838.96,1812,65.0,79.91666666666667,79.91666666666667,28881346.09,28542414.7,27554037.61,27247689.86
355030,2024,11895578,São Paulo - SP,63070,9609,569278812.29,834597,23378.916666666668,38236.5,18385.833333333332,17098320254.08,16771704548.55,15998731921.32,15914378705.41
355040,2024,39725,São Pedro - SP,527,140,3498389.2,4476,102.16666666666667,74.33333333333333,61.0,51911572.0,51341368.2,50448349.28,50356529.13
355050,2024,7333,São Pedro do Turvo - SP,74,20,507131.05,741,6.5,,,12322024.16,12039996.53,11891558.7,11825113.58
355060,2024,81342,São Roque - SP,530,104,3533115.43,5742,311.3333333333333,298.3333333333333,70.0,78324373.25,76822461.67,72972545.29,72360022.9
355070,2024,84019,São Sebastião - SP,798,142,5375935.48,8245,217.41666666666666,106.5,105.5,336246696.01,296338145.44,261166611.63,255548039.48
355080,2024,10484,São Sebastião da Grama - SP,93,14,754680.01,779,37.583333333333336,30.0,26.0,10968461.13,10586603.61,10413598.58,10413598.58
355090,2024,13590,São Simão - SP,109,22,1120901.49,1074,39.333333333333336,40.0,36.0,23869526.06,22042761.29,22001278.52,20313372.05
355100,2024,338407,São Vicente - SP,1678,297,12924310.66,19800,247.25,328.75,197.5,209377445.0,201935864.0,199503659.32,182955652.95
355110,2024,10632,Sarapuí - SP,39,8,271237.69,487,10.416666666666666,,,8733254.12,8405786.11,8369140.23,8105231.59
355120,2024,3769,Sarutaiá - SP,17,4,128217.12000000001,261,2.0,,,6294405.56,5452412.03,5451499.79,5399001.01
355130,2024,3187,Sebastianópolis do Sul - SP,26,1,230411.19,187,4.0,,,8742879.34,8305540.05,7839599.53,7689758.2
355140,2024,13058,Serra Azul - SP,83,16,727843.21,936,17.416666666666668,,,8107385.0,8153607.14,7837911.02,7636979.35
355150,2024,45408,Serrana - SP,343,74,3030661.64,3727,66.33333333333333,98.0,96.0,33535784.44,33375104.81,32598778.24,29514526.57
355160,2024,30920,Serra Negra - SP,125,10,1148428.42,1516,90.08333333333333,49.0,33.0,30304021.96,29897933.03,29664280.6,29173488.01
355170,2024,131600,Sertãozinho - SP,703,129,6195929.89,7395,487.3333333333333,168.0,81.0,147633544.97,139147434.73,133661876.2,131870035.94
355180,2024,12912,Sete Barras - SP,101,24,583162.46,879,10.0,,,14624000.0,14035161.71,13972420.23,13137946.33
355190,2024,14724,Severínia - SP,170,59,1221544.7,1415,15.083333333333334,,,11720097.72,10913877.56,10725899.94,10448740.21
355200,2024,6313,Silveiras - SP,55,12,392698.79,487,12.0,2.0,2.0,9720077.48,6172969.75,6166916.41,6073659.82
355210,2024,41405,Socorro - SP,396,65,2365348.27,3367,89.66666666666667,81.16666666666667,70.0,42251489.62,41138338.9,40867689.3,40169634.4
355220,2024,757459,Sorocaba - SP,4273,1078,28839067.37,51145,1570.25,2126.4166666666665,1115.9166666666667,657662541.97,651468339.26,637696032.35,625416683.8
355230,2024,7466,Sud Mennucci - SP,42,12,245399.02,303,11.545454545454545,22.0,20.0,15476266.99,14570621.87,14042947.12,13383790.58
355240,2024,289787,Sumaré - SP,1335,181,12461281.83,18581,298.4166666666667,240.0,231.0,226104500.3,223676360.36,220424974.43,203278658.19
355250,2024,318765,Suzano - SP,1546,228,12484872.46,17887,353.75,455.9166666666667,233.58333333333334,262918116.44,260487911.47,258428036.67,250524144.64
355255,2024,3464,Suzanápolis - SP,40,13,261536.68,369,4.0,,,9200819.0,8505994.45,8407058.67,8073750.53
355260,2024,11499,Tabapuã - SP,69,18,523058.14,699,21.166666666666668,30.0,11.0,14790350.0,10847703.15,10842506.14,10264077.68
355270,2024,14994,Tabatinga - SP,166,31,1030186.28,1140,51.666666666666664,35.25,22.0,17831425.0,17167832.52,17101148.17,16755401.33
355280,2024,284274,Taboão da Serra - SP,1316,174,13309460.5,18842,182.66666666666666,551.5833333333334,387.6666666666667,226862467.82,221631393.82,219754857.03,213223325.18
355290,2024,6399,Taciba - SP,34,5,300692.94,402,6.25,,,11233676.82,11096000.63,11091564.92,9953624.86
355300,2024,13006,Taguaí - SP,71,8,790572.04,989,16.25,30.0,25.0,16311733.41,15472105.1,14912104.61,14467669.53
355310,2024,5751,Taiaçu - SP,56,11,370903.03,427,12.0,,,7717872.88,7196087.86,7181626.58,6994206.85
355320,2024,6733,Taiúva - SP,53,15,267213.14999999997,371,18.0,4.0,4.0,6936745.0,6457626.71,6438957.84,6294066.67
355330,2024,21682,Tambaú - SP,88,13,822594.09,917,72.91666666666667,36.0,28.0,20522400.0,19736031.16,19611510.26,19533413.79
355340,2024,26021,Tanabi - SP,337,107,3426429.07,3170,57.666666666666664,72.0,30.0,31125000.0,29860981.23,28744633.05,28259922.83
355350,2024,8122,Tapiraí - SP,38,5,373911.22,520,9.272727272727273,,,10241300.0,8996139.33,8721787.29,8520193.14
355360,2024,11936,Tapiratiba - SP,116,28,602817.74,777,19.0,25.0,24.0,10602627.88,10502744.81,10296992.67,10193627.52
355365,2024,2652,Taquaral - SP,33,5,241329.53,313,4.0,,,7247571.45,6865102.87,6622578.96,6559867.16
355370,2024,53322,Taquaritinga - SP,342,59,2962022.14,3565,188.33333333333334,144.0,93.0,51350356.25,40372309.33,39923536.02,23892188.76
355380,2024,24863,Taquarituba - SP,115,9,1172243.21,1296,27.5,50.0,35.0,27396542.42,26828917.02,26811391.27,26801667.6
355385,2024,7112,Taquarivaí - SP,41,8,290661.86,539,7.0,,,10189000.0,9628152.3,9598299.85,9480693.52
355390,2024,6635,Tarabai - SP,46,9,299983.56,520,8.0,,,7810612.0,7804940.14,7804940.14,6920031.51
355395,2024,15248,Tarumã - SP,154,34,1042812.06,1440,22.833333333333332,,,20258037.34,17576360.91,17204661.8,17203620.98
355400,2024,128560,Tatuí - SP,730,127,4164900.71,7834,452.8333333333333,183.83333333333334,91.0,136086113.44,135065028.94,135050462.27,123091252.8
355410,2024,321298,Taubaté - SP,1599,264,16201682.83,21884,1007.75,610.5833333333334,439.5833333333333,370392170.2,351863129.4,346155255.06,282859385.52
355420,2024,4142,Tejupá - SP,22,2,254812.78,287,4.0,,,6837600.0,6654112.14,6654112.14,6654112.14
355430,2024,22559,Teodoro Sampaio - SP,101,19,819094.76,1208,51.833333333333336,58.0,52.0,21366714.62,20780610.52,20237499.33,19348515.13
355440,2024,7985,Terra Roxa - SP,60,10,504571.49,461,17.0,34.0,30.0,11953400.0,10959295.77,10958102.84,10130448.62
355450,2024,38690,Tietê - SP,92,12,1054587.42,1534,168.66666666666666,56.0,34.0,39867976.4,39127450.25,38390710.0,36271281.65
355460,2024,2490,Timburi - SP,36,13,298157.85,381,3.1666666666666665,,,6188232.34,6187372.26,6147667.13,5738880.67
355465,2024,2063,Torre de Pedra - SP,21,2,266982.34,260,4.0,,,4664115.0,4616773.42,4575264.06,4464110.19
355470,2024,9484,Torrinha - SP,59,3,480752.69,534,9.0,20.0,13.0,13356758.16,13053818.85,12903700.11,12448663.63
355475,2024,1719,Trabiju - SP,12,1,64211.14,78,2.0,,,6064562.51,5487058.66,5486637.36,5401159.61
355480,2024,53083,Tremembé - SP,258,47,2341151.11,3209,47.333333333333336,10.0,0.0,36166187.0,32973672.04,31573552.04,30824060.75
355490,2024,7013,Três Fronteiras - SP,101,21,822734.33,847,6.0,,,5616000.0,5445724.99,5445724.99,5404215.45
355495,2024,6947,Tuiuti - SP,58,2,423553.25,579,7.0,,,6592818.0,6111056.64,5938050.24,5862985.39
355500,2024,65416,Tupã - SP,1339,291,7207865.69,12439,281.9166666666667,373.0,357.0,67987186.99,59172845.67,57743412.22,54276332.63
355510,2024,16206,Tupi Paulista - SP,146,37,1087680.33,1555,57.583333333333336,48.0,30.0,19007874.39,17798433.45,17618774.31,17405597.71
355520,2024,1839,Turiúba - SP,7,1,39242.43,40,2.0,,,4665970.0,4323188.3,4323188.3,4186451.43
355530,2024,1672,Turmalina - SP,34,7,269272.11,240,4.0,,,4832912.39,4832612.5,4812119.21,4744339.61
355535,2024,5456,Ubarana - SP,91,30,1168272.16,1104,3.0,,,7838903.5,7700460.98,7700460.98,7516493.85
355540,2024,96598,Ubatuba - SP,690,150,4763635.51,8862,89.66666666666667,93.33333333333333,83.66666666666667,123886770.34,117676023.56,108535587.82,103967841.22
355550,2024,5265,Ubirajara - SP,58,14,435709.34,639,5.0,,,6614079.76,6107316.05,6107316.05,5911292.46
355560,2024,10627,Uchoa - SP,121,33,1251480.62,1151,30.0,,,13995000.0,10863691.49,10863691.49,10705424.17
355570,2024,1628,União Paulista - SP,14,3,238104.56,168,3.0,,,4955733.0,4918767.06,4918767.06,4460328.09
355580,2024,8973,Urânia - SP,125,20,1048640.84,1125,10.25,26.0,24.0,8547219.76,8442907.78,8428080.22,7510444.93
355590,2024,1419,Uru - SP,13,2,66010.9,105,3.0,,,5156027.03,4825291.46,4864003.83,4742014.75
355600,2024,14038,Urupês - SP,56,11,529972.98,508,32.75,20.0,10.0,18220900.0,17475734.63,17455398.05,17189419.66
355610,2024,14531,Valentim Gentil - SP,136,19,1258889.61,1227,24.166666666666668,,,12487339.54,12059045.64,12055083.94,10706150.65
355620,2024,131277,Valinhos - SP,916,187,6012215.95,10054,518.4166666666666,223.0,67.0,190592475.63,184684044.83,175473642.43,175121510.38
355630,2024,24723,Valparaíso - SP,124,27,964732.62,1284,48.666666666666664,54.5,31.166666666666668,39069742.19,39021335.91,38804270.99,37694721.51
355635,2024,10805,Vargem - SP,51,7,613381.64,611,6.0,,,8758147.81,8721416.7,8367935.99,8208269.54
355640,2024,41226,Vargem Grande do Sul - SP,203,29,1643391.57,1882,136.75,50.0,31.0,45016836.44,44168236.09,42097390.45,41336950.73
355645,2024,52103,Vargem Grande Paulista - SP,252,36,1939400.01,2943,60.0,81.75,2.0,69322038.0,68517618.65,67381678.09,66497018.24
355650,2024,119576,Várzea Paulista - SP,461,89,2865964.72,4528,59.833333333333336,34.0,32.0,72838668.58,71117707.59,66854114.12,64765791.11
355660,2024,10294,Vera Cruz - SP,113,16,1221382.02,1614,19.0,72.0,0.0,6456025.01,7726992.06,7458246.97,7458189.47
355670,2024,79235,Vinhedo - SP,108,9,1323548.35,1710,368.3333333333333,103.0,62.0,174923388.34,173929883.49,170521038.98,166987306.52
355680,2024,17681,Viradouro - SP,147,23,1449790.09,1231,48.416666666666664,48.0,30.0,23168232.22,19654248.85,21177450.82,20005420.35
355690,2024,8327,Vista Alegre do Alto - SP,74,13,704441.62,691,10.454545454545455,,,16632565.85,15185700.21,14955878.29,14817762.35
355695,2024,1826,Vitória Brasil - SP,15,3,170217.74,208,3.0,,,4439169.0,3998800.22,3941647.38,3892080.47
355700,2024,132849,Votorantim - SP,634,150,4579089.33,8032,146.25,156.0,74.0,159965282.24,158432657.73,156397429.85,151940081.29
355710,2024,100159,Votuporanga - SP,889,111,7579309.76,7443,520.0,247.75,141.0,93786150.0,86957659.89,86856206.45,84389813.8
355715,2024,2761,Zacarias - SP,46,11,436908.89,407,3.0,,,8786227.6,7611222.36,7580973.1,7568752.42
355720,2024,12411,Chavantes - SP,134,34,1060061.74,1481,24.416666666666668,51.0,30.0,9841519.27,9688244.57,9658690.4,8300557.64
355730,2024,11566,Estiva Gerbi - SP,85,14,676436.05,1078,16.5,,,14516277.51,14746292.83,12708743.32,12384962.19
